Sentence_ID,Token,Label
384,es,n
384,gibt,n
384,leider,n
384,einen,n
384,haufen,n
384,perverse,n
384,wixer,B-B
384,auf,n
384,dieser,n
384,welt,n
384,und,n
384,in,n
384,unseren,n
384,städten,n
384,",",n
384,dass,n
384,man,n
384,sich,n
384,dann,n
384,so,n
384,über,n
384,männer,n
384,aufregen,n
384,muss,n
384,die,n
384,breiter,n
384,sitzen,n
384,.,n
423,hier,n
423,macht,n
423,sich,n
423,deutschalnd,n
423,in,n
423,verfassungswidriger,n
423,weise,n
423,zum,n
423,mittäter,n
423,an,n
423,solche,n
423,taten,n
423,!,n
91,das,n
91,ist,n
91,so,n
91,dumm,B-B
91,!,n
473,mein,n
473,freund,n
473,hat,n
473,ein,n
473,tolles,n
473,bild,n
473,von,n
473,meinem,n
473,auto,n
473,gemacht,n
473,.,n
524,der,n
524,witz,n
524,liegt,n
524,mir,n
524,auf,n
524,der,n
524,zunge,n
524,.,n
305,wenn,n
305,ich,n
305,einen,n
305,asiaten,n
305,auf,n
305,der,n
305,straße,n
305,oder,n
305,auf,n
305,dem,n
305,schulhof,n
305,als,n
305,schlitzauge,B-B
305,bezeichne,n
305,",",n
305,ist,n
305,das,n
305,rassistisch,n
305,.,n
111,seit,n
111,20,n
111,jahren,n
111,hat,n
111,er,n
111,schon,n
111,mit,n
111,den,n
111,dreckskerlen,B-B
111,zu,n
111,tun,n
111,.,n
262,rechtfertigst,n
262,du,n
262,nutte,B-B
262,dich,n
262,gerade,n
262,?,n
133,dein,n
133,bruder,n
133,ist,n
133,als,n
133,spermium,n
133,gegen,n
133,die,n
133,gebärmutterwand,n
133,gefahren,n
133,und,n
133,du,n
133,evolutionärer,n
133,fickfehler,B-B
133,kommst,n
133,durch,n
133,.,n
361,dieser,n
361,vollidiot,B-B
361,ist,n
361,mir,n
361,reingefahren,n
361,.,n
544,und,n
544,das,n
544,ist,n
544,der,n
544,grund,n
544,",",n
544,warum,n
544,alles,n
544,so,n
544,bleiben,n
544,wird,n
544,",",n
544,wie,n
544,es,n
544,ist,n
544,.,n
71,die,n
71,nachbarn,n
71,bumsen,B-B
71,schon,n
71,wieder,n
71,",",n
71,man,n
71,kann,n
71,es,n
71,bis,n
71,hier,n
71,runter,n
71,hören,n
71,.,n
567,über,n
567,den,n
567,dollar,n
567,und,n
567,den,n
567,rückgang,n
567,der,n
567,rohstoffpreise,n
567,.,n
185,natürlich,n
185,ist,n
185,der,n
185,arme,n
185,bote,n
185,der,n
185,schuldige,n
185,und,n
185,vermutlich,n
185,tummelt,n
185,sich,n
185,demnächst,n
185,ein,n
185,idiot,B-B
185,mehr,n
185,in,n
185,irgendwelchen,n
185,positionen,n
185,rum,n
185,.,n
422,mit,n
422,dieser,n
422,airline,n
422,zu,n
422,fliegen,n
422,ist,n
422,modernes,n
422,abenteuertum,n
422,.,n
232,ich,n
232,persönlich,n
232,finde,n
232,motherfucker,B-B
232,besser,n
232,als,n
232,mutterficker,B-B
232,",",n
232,aber,n
232,jeder,n
232,wie,n
232,er,n
232,mag,n
232,.,n
209,tut,n
209,mir,n
209,leid,n
209,",",n
209,wenn,n
209,ich,n
209,gerade,n
209,wie,n
209,der,n
209,letzte,n
209,klugscheißer,B-B
209,geklungen,n
209,habe,n
209,.,n
105,ein,n
105,beamter,n
105,spricht,n
105,von,n
105,dumpfbacken,B-B
105,",",n
105,die,n
105,sich,n
105,bei,n
105,einem,n
105,bier,n
105,allerlei,n
105,ausgedacht,n
105,hätten,n
105,.,n
574,im,n
574,amazonas,n
574,kann,n
574,man,n
574,sich,n
574,wohl,n
574,keine,n
574,eisbären,n
574,ansehen,n
574,.,n
182,er,n
182,hat,n
182,mich,n
182,dazu,n
182,provoziert,n
182,",",n
182,nannte,n
182,mich,n
182,im,n
182,spiel,n
182,hurensohn,B-B
182,.,n
356,das,n
356,ist,n
356,das,n
356,schöne,n
356,an,n
356,österreich,n
356,:,n
356,da,n
356,treten,n
356,versager,B-B
356,zurück,n
356,.,n
210,halt,n
210,die,n
210,klappe,n
210,",",n
210,du,n
210,krüppel,B-B
210,!,n
210,.,n
3,nein,n
3,",",n
3,dieser,n
3,abschaum,B-B
3,",",n
3,hat,n
3,von,n
3,demokratie,n
3,und,n
3,den,n
3,werten,n
3,unserer,n
3,gesellschaft,n
3,nichts,n
3,verstanden,n
3,.,n
557,wie,n
557,akzeptabel,n
557,war,n
557,das,n
557,für,n
557,dich,n
557,?,n
494,echt,n
494,oder,n
494,gefälscht,n
494,.,n
64,das,n
64,prekariat,n
64,bleibt,n
64,stehen,n
64,",",n
64,der,n
64,bonze,B-B
64,fährt,n
64,durch,n
64,.,n
56,hat,n
56,dir,n
56,die,n
56,blöde,B-B
56,kuh,B
56,auch,n
56,den,n
56,mittelfinger,n
56,gezeigt,n
56,?,n
581,zerstritten,n
581,sein,n
581,ist,n
581,schlecht,n
581,für,n
581,das,n
581,wohlbefinden,n
581,.,n
447,durch,n
447,die,n
447,reform,n
447,soll,n
447,für,n
447,gemeinden,n
447,auch,n
447,die,n
447,überwachung,n
447,des,n
447,tempolimits,n
447,erleichtert,n
447,werden,n
447,.,n
30,der,n
30,titel,n
30,sir,n
30,ist,n
30,eine,n
30,völlig,n
30,belanglose,n
30,ehre,n
30,und,n
30,zeigt,n
30,nur,n
30,",",n
30,dass,n
30,er,n
30,jetzt,n
30,auch,n
30,unter,n
30,die,n
30,arschkriecher,B-B
30,gegangen,n
30,ist,n
30,.,n
156,es,n
156,wäre,n
156,doch,n
156,hirnrissig,B-B
156,",",n
156,ihn,n
156,noch,n
156,mit,n
156,hilfe,n
156,von,n
156,wasser,n
156,zu,n
156,vergrößern,n
156,.,n
424,vater,n
424,lässt,n
424,sein,n
424,kleinkind,n
424,alleine,n
424,am,n
424,ufer,n
424,zurück,n
424,.,n
84,ich,n
84,garantiere,n
84,euch,n
84,",",n
84,fassen,n
84,die,n
84,einmal,n
84,nur,n
84,meine,n
84,tiere,n
84,an,n
84,werde,n
84,ich,n
84,zur,n
84,drecksau,B-B
84,",",n
84,obwohl,n
84,ich,n
84,mama,n
84,und,n
84,eine,n
84,anständige,n
84,ehefrau,n
84,bin,n
84,aber,n
84,da,n
84,versteh,n
84,ich,n
84,keinen,n
84,spass,n
84,mehr,n
84,.,n
249,sie,n
249,ist,n
249,die,n
249,ärgste,n
249,milf,B-B
249,",",n
249,ich,n
249,kann,n
249,nicht,n
249,aufhören,n
249,an,n
249,sie,n
249,zu,n
249,denken,n
249,.,n
83,meine,n
83,mutter,n
83,hält,n
83,mich,n
83,wirklich,n
83,für,n
83,einen,n
83,drecksack,B-B
83,.,n
320,es,n
320,ist,n
320,wirklich,n
320,nicht,n
320,in,n
320,ordnung,n
320,",",n
320,leute,n
320,spasti,B-B
320,zu,n
320,nennen,n
320,.,n
417,noch,n
417,nicht,n
417,geeinigt,n
417,hat,n
417,man,n
417,sich,n
417,bezüglich,n
417,einer,n
417,verkehrsberuhigung,n
417,der,n
417,wiener,n
417,innenstadt,n
417,.,n
372,vielleicht,n
372,liegt,n
372,es,n
372,an,n
372,der,n
372,farbe,n
372,",",n
372,die,n
372,so,n
372,mancher,n
372,eingefleischte,n
372,männliche,n
372,weinpurist,n
372,als,n
372,mädchenhaft,n
372,bezeichnet,n
372,",",n
372,oder,n
372,am,n
372,geschmack,n
372,",",n
372,den,n
372,er,n
372,mit,n
372,dem,n
372,prädikat,n
372,süßlich,n
372,und,n
372,nur,n
372,für,n
372,warmduscher,B-B
372,abtut,n
372,.,n
453,gemeinden,n
453,und,n
453,städte,n
453,sollen,n
453,temporeduktionen,n
453,künftig,n
453,einfacher,n
453,und,n
453,damit,n
453,auch,n
453,schneller,n
453,umsetzen,n
453,können,n
453,.,n
549,was,n
549,ist,n
549,wirklich,n
549,im,n
549,gehirn,n
549,eines,n
549,geigers,n
549,?,n
248,sticht,n
248,er,n
248,das,n
248,piercing,n
248,direkt,n
248,durch,n
248,den,n
248,nippel,B-B
248,?,n
211,leck,n
211,mich,n
211,am,n
211,arsch,B-B
211,",",n
211,du,n
211,krüppel,B-B
211,.,n
177,du,n
177,bist,n
177,nichts,n
177,als,n
177,eine,n
177,hure,B-B
177,.,n
11,mich,n
11,interessiert,n
11,das,n
11,alles,n
11,nicht,n
11,und,n
11,deshalb,n
11,könnt,n
11,ihr,n
11,mich,n
11,alle,n
11,am,n
11,arsch,B-B
11,lecken,B
11,.,n
426,wenn,n
426,ein,n
426,schwimmbad,n
426,nicht,n
426,"""",n
426,the,n
426,flow,n
426,"""",n
426,heißen,n
426,darf,n
426,",",n
426,dann,n
426,darf,n
426,eine,n
426,veranstaltungshalle,n
426,auch,n
426,nicht,n
426,"""",n
426,the,n
426,dome,n
426,"""",n
426,heißen,n
426,!,n
358,von,n
358,mir,n
358,haben,n
358,diese,n
358,ignoranten,n
358,versager,B-B
358,nie,n
358,eine,n
358,stimme,n
358,erhalten,n
358,",",n
358,und,n
358,sie,n
358,werden,n
358,von,n
358,mir,n
358,auch,n
358,niemals,n
358,eine,n
358,erhalten,n
358,.,n
7,alles,n
7,was,n
7,vor,n
7,weihnachten,n
7,erreicht,n
7,worden,n
7,ist,n
7,hat,n
7,der,n
7,arsch,B-B
7,mittlerweile,n
7,kaputt,n
7,gemacht,n
7,.,n
488,ich,n
488,wollte,n
488,schon,n
488,seit,n
488,jahren,n
488,eins,n
488,haben,n
488,.,n
498,nicht,n
498,so,n
498,einfach,n
498,",",n
498,wie,n
498,es,n
498,aussieht,n
498,.,n
491,bester,n
491,tag,n
491,überhaupt,n
491,.,n
102,will,n
102,die,n
102,dumpfbacke,B-B
102,jetzt,n
102,noch,n
102,zölle,n
102,auf,n
102,produkte,n
102,aus,n
102,dem,n
102,eigenen,n
102,land,n
102,erheben,n
102,?,n
102,!,n
102,?,n
166,so,n
166,ein,n
166,großmaul,B-B
166,!,n
73,der,n
73,depp,B-B
73,hat,n
73,für,n
73,seine,n
73,blödheit,n
73,bezahlt,n
73,und,n
73,gut,n
73,ist,n
73,es,n
73,.,n
178,nur,n
178,wer,n
178,nichts,n
178,leistet,n
178,und,n
178,auf,n
178,dem,n
178,ruecken,n
178,der,n
178,steuerzahler,n
178,lebt,n
178,",",n
178,ja,n
178,der,n
178,darf,n
178,natuerlich,n
178,zigaretten,n
178,",",n
178,bierdosen,n
178,und,n
178,huren,B-B
178,kaufen,n
178,wie,n
178,es,n
178,passt,n
178,.,n
197,auf,n
197,die,n
197,grüne,n
197,wiese,n
197,aber,n
197,werden,n
197,nur,n
197,die,n
197,hunde,n
197,kacken,B-B
197,.,n
229,schau,n
229,ihr,n
229,tief,n
229,in,n
229,die,n
229,augen,n
229,",",n
229,wenn,n
229,du,n
229,ihr,n
229,deinen,n
229,harten,n
229,schwanz,B-B
229,in,n
229,die,n
229,muschi,B-B
229,schiebst,n
229,.,n
548,sport,n
548,treiben,n
548,in,n
548,der,n
548,sonne,n
548,erfordert,n
548,besondere,n
548,vorsichtsmaßnahmen,n
548,.,n
408,wo,n
408,bleiben,n
408,eigentlich,n
408,die,n
408,breichte,n
408,in,n
408,dieser,n
408,zeitung,n
408,über,n
408,die,n
408,kampagne,n
408,zur,n
408,schließung,n
408,von,n
408,rammstein,n
408,.,n
452,es,n
452,sei,n
452,besser,n
452,",",n
452,seine,n
452,meinung,n
452,in,n
452,den,n
452,zuständigen,n
452,gremien,n
452,zu,n
452,vertreten,n
452,.,n
438,sagt,n
438,der,n
438,andere,n
438,planet,n
438,zum,n
438,ersten,n
438,",",n
438,hatte,n
438,ich,n
438,auch,n
438,",",n
438,das,n
438,geht,n
438,vorbei,n
438,.,n
77,laut,n
77,agb,n
77,der,n
77,bahn,n
77,sind,n
77,alle,n
77,die,n
77,eine,n
77,zeitfahrkarte,n
77,oder,n
77,wie,n
77,ich,n
77,trottel,B-B
77,eine,n
77,jahreskarte,n
77,haben,n
77,die,n
77,volldeppen,B-B
77,",",n
77,denn,n
77,wir,n
77,haben,n
77,keinen,n
77,anspruch,n
77,auf,n
77,entschädigung,n
77,von,n
77,diesen,n
77,deppen,B-B
77,.,n
228,denn,n
228,typ,n
228,ist,n
228,so,n
228,eine,n
228,muschi,B-B
228,und,n
228,scheut,n
228,die,n
228,verantwortung,n
228,wie,n
228,der,n
228,teufel,n
228,das,n
228,weihwasser,n
228,.,n
335,er,n
335,fürchtet,n
335,sich,n
335,nicht,n
335,davor,n
335,",",n
335,als,n
335,transe,B-B
335,beschimpft,n
335,zu,n
335,werden,n
335,.,n
31,sogar,n
31,dem,n
31,hochmütigen,n
31,arschkriecher,B-B
31,wurde,n
31,in,n
31,seinen,n
31,besseren,n
31,zeiten,n
31,mal,n
31,ein,n
31,stück,n
31,verübelt,n
31,und,n
31,halb,n
31,verboten,n
31,.,n
74,das,n
74,kann,n
74,jeder,n
74,depp,B-B
74,!,n
299,ich,n
299,glaube,n
299,ich,n
299,gebe,n
299,dem,n
299,scheißkerl,B-B
299,noch,n
299,eine,n
299,zweite,n
299,chance,n
299,.,n
250,deine,n
250,mutter,n
250,ist,n
250,eine,n
250,milf,B-B
250,.,n
420,bisschen,n
420,schöne,n
420,architektur,n
420,kann,n
420,man,n
420,doch,n
420,an,n
420,der,n
420,prominenten,n
420,stelle,n
420,erwarten,n
420,.,n
339,männer,n
339,als,n
339,trottel,B-B
339,darstellen,n
339,wie,n
339,es,n
339,oft,n
339,vorkommt,n
339,ist,n
339,aber,n
339,meist,n
339,erlaubt,n
339,oder,n
339,?,n
40,das,n
40,maultier,n
40,ist,n
40,ein,n
40,bastard,B-B
40,aus,n
40,eselhengst,n
40,und,n
40,pferdestute,n
40,.,n
146,gottverdammt,B-B
146,",",n
146,du,n
146,idiot,B-B
146,!,n
333,ich,n
333,hatte,n
333,gestern,n
333,ihre,n
333,titte,B-B
333,im,n
333,mund,n
333,und,n
333,habe,n
333,geil,B-B
333,an,n
333,ihrem,n
333,nippel,B-B
333,gesaugt,n
333,.,n
159,doch,n
159,es,n
159,ist,n
159,ungerecht,n
159,",",n
159,uns,n
159,jetzt,n
159,als,n
159,hosenscheißer,B-B
159,zu,n
159,bezeichnen,n
159,.,n
82,ich,n
82,wünschte,n
82,",",n
82,ich,n
82,wäre,n
82,nicht,n
82,so,n
82,ein,n
82,krasser,n
82,drecksack,B-B
82,.,n
371,dass,n
371,diese,n
371,wertansichten,n
371,noch,n
371,nicht,n
371,komplett,n
371,ausgemerzt,n
371,sind,n
371,",",n
371,zeigen,n
371,wortschöpfungen,n
371,wie,n
371,warmduscher,B-B
371,",",n
371,weichei,B-B
371,oder,n
371,auch,n
371,memme,B-B
371,.,n
404,ich,n
404,könnt,n
404,',n
404,mich,n
404,theoretisch,n
404,einfach,n
404,besser,n
404,absichern,n
404,.,n
61,berührungsängste,n
61,zu,n
61,leuten,n
61,aus,n
61,den,n
61,alten,n
61,ländern,n
61,habe,n
61,ich,n
61,nicht,n
61,",",n
61,blödmänner,B-B
61,gibt,n
61,es,n
61,hier,n
61,und,n
61,da,n
61,ebenso,n
61,wie,n
61,nette,n
61,leute,n
61,.,n
79,die,n
79,dreckige,B-B
79,hure,B-B
79,wird,n
79,sich,n
79,nie,n
79,wieder,n
79,an,n
79,meinen,n
79,freund,n
79,ranmachen,n
79,.,n
205,silvester,n
205,2001,n
205,hatte,n
205,er,n
205,einen,n
205,türkischen,n
205,wirt,n
205,als,n
205,kanake,B-B
205,beschimpft,n
205,.,n
547,um,n
547,hinweis,n
547,im,n
547,jahrbuch,n
547,.,n
409,so,n
409,sollte,n
409,es,n
409,auch,n
409,bleiben,n
409,",",n
409,nicht,n
409,über,n
409,",",n
409,aber,n
409,auch,n
409,nicht,n
409,unterschätzen,n
409,.,n
12,habe,n
12,paul,n
12,gestern,n
12,gerimmt,n
12,",",n
12,ich,n
12,stehe,n
12,unfassbar,n
12,auf,n
12,arsch,B-B
12,lecken,B
12,!,n
87,aber,n
87,warum,n
87,das,n
87,gericht,n
87,begriffe,n
87,wie,n
87,„,n
87,drecksfotze,B-B
87,“,n
87,",",n
87,„,n
87,schlampe,B-B
87,“,n
87,",",n
87,„,n
87,stück,B-B
87,scheiße,B
87,“,n
87,",",n
87,die,n
87,schlicht,n
87,derbe,n
87,",",n
87,persönliche,n
87,beleidigungen,n
87,darstellen,n
87,",",n
87,nicht,n
87,als,n
87,justiziabel,n
87,angesehen,n
87,hat,n
87,",",n
87,ist,n
87,für,n
87,mich,n
87,nicht,n
87,nachvollziehbar,n
87,.,n
353,das,n
353,problem,n
353,liegt,n
353,darin,n
353,",",n
353,dass,n
353,man,n
353,uns,n
353,den,n
353,kopf,n
353,vollscheißt,B-B
353,und,n
353,wir,n
353,uns,n
353,den,n
353,kopf,n
353,vollscheißen,B-B
353,lassen,n
353,müssen,n
353,.,n
454,die,n
454,klebrige,n
454,situation,n
454,bezüglich,n
454,koffeinfreiem,n
454,kaffee,n
454,.,n
80,du,n
80,dreckige,B-B
80,hure,B-B
80,",",n
80,hau,n
80,ab,n
80,!,n
470,je,n
470,mehr,n
470,wir,n
470,fuhren,n
470,",",n
470,desto,n
470,unheimlicher,n
470,wurde,n
470,es,n
470,.,n
440,und,n
440,das,n
440,effizienzprogramm,n
440,startete,n
440,schon,n
440,wesentlich,n
440,früher,n
440,.,n
275,sie,n
275,habe,n
275,die,n
275,frau,n
275,im,n
275,supermarkt,n
275,auf,n
275,anfang,n
275,20,n
275,geschätzt,n
275,",",n
275,sie,n
275,sei,n
275,keine,n
275,alte,n
275,schabracke,B-B
275,gewesen,n
275,.,n
278,er,n
278,soll,n
278,scheissen,B-B
278,gehen,B
278,",",n
278,ich,n
278,habe,n
278,das,n
278,nicht,n
278,nötig,n
278,.,n
141,thomas,n
141,freunde,n
141,habe,n
141,gar,n
141,keine,n
141,zeit,n
141,mehr,n
141,für,n
141,ihre,n
141,alte,n
141,clique,n
141,",",n
141,sie,n
141,sind,n
141,alles,n
141,richtige,n
141,fotzenlecker,B-B
141,geworden,n
141,.,n
525,wie,n
525,man,n
525,für,n
525,eine,n
525,minute,n
525,gesund,n
525,bleibt,n
525,.,n
154,das,n
154,war,n
154,hirnrissig,B-B
154,",",n
154,und,n
154,es,n
154,gelang,n
154,mir,n
154,",",n
154,ihn,n
154,auf,n
154,zweitausend,n
154,herunterzuhandeln,n
154,.,n
200,das,n
200,ist,n
200,interessant,n
200,",",n
200,weil,n
200,der,n
200,kabarettist,n
200,eben,n
200,erst,n
200,spiegel«‑redakteure,n
200,als,n
200,alte,n
200,kackwurst,B-B
200,aus,n
200,dem,n
200,gespräch,n
200,entließ,n
200,.,n
400,warum,n
400,hat,n
400,man,n
400,",",n
400,wenn,n
400,überhaupt,n
400,",",n
400,nicht,n
400,die,n
400,einfachen,n
400,bögen,n
400,genommen,n
400,statt,n
400,diese,n
400,billigen,n
400,aussehenden,n
400,ständer,B-B
400,.,n
556,hast,n
556,du,n
556,schon,n
556,einmal,n
556,eine,n
556,beziehung,n
556,wegen,n
556,mangelndem,n
556,sex,n
556,beendet,n
556,?,n
303,die,n
303,schlampe,B-B
303,hat,n
303,sich,n
303,sofort,n
303,nach,n
303,dem,n
303,bumsen,B-B
303,verabschiedet,n
303,.,n
10,wir,n
10,werden,n
10,eine,n
10,wagenburg,n
10,um,n
10,uns,n
10,aufstellen,n
10,",",n
10,in,n
10,der,n
10,uns,n
10,jeder,n
10,am,n
10,arsch,B-B
10,lecken,B
10,kann,n
10,.,n
341,es,n
341,sind,n
341,eine,n
341,menge,n
341,tunten,B-B
341,dabei,n
341,",",n
341,murmelt,n
341,sie,n
341,zufrieden,n
341,.,n
526,lügen,n
526,",",n
526,die,n
526,für,n
526,eine,n
526,freundin,n
526,cool,n
526,sind,n
526,.,n
357,wobei,n
357,die,n
357,versager,B-B
357,von,n
357,der,n
357,hamas,n
357,die,n
357,falschen,n
357,sind,n
357,",",n
357,um,n
357,dies,n
357,herbeizuführen,n
357,.,n
572,das,n
572,kabel,n
572,sieht,n
572,kaputt,n
572,aus,n
572,.,n
246,oh,n
246,mein,n
246,gott,n
246,",",n
246,ich,n
246,habe,n
246,ihre,n
246,nippel,B-B
246,durch,n
246,die,n
246,bluse,n
246,gesehen,n
246,.,n
85,einer,n
85,der,n
85,polizisten,n
85,berichtet,n
85,",",n
85,wie,n
85,der,n
85,angeklagte,n
85,ihn,n
85,als,n
85,drecksau,B-B
85,und,n
85,arschloch,B-B
85,beschimpfte,n
85,.,n
501,nicht,n
501,dem,n
501,gegner,n
501,die,n
501,hand,n
501,schütteln,n
501,wollen,n
501,.,n
582,achtsamkeit,n
582,kann,n
582,trainiert,n
582,werden,n
582,und,n
582,ist,n
582,wichtig,n
582,.,n
235,zeig,n
235,mir,n
235,mal,n
235,deine,n
235,fetten,n
235,möpse,B-B
235,",",n
235,du,n
235,schlampe,B-B
235,.,n
545,funktioniert,n
545,eine,n
545,offene,n
545,beziehung,n
545,wirklich,n
545,?,n
138,das,n
138,minderjährige,n
138,flittchen,B-B
138,wirft,n
138,sich,n
138,dem,n
138,leadsänger,n
138,an,n
138,den,n
138,hals,n
138,.,n
183,der,n
183,fremde,n
183,hurensohn,B-B
183,stellte,n
183,sich,n
183,als,n
183,noch,n
183,schlimmer,n
183,heraus,n
183,als,n
183,der,n
183,eigene,n
183,hurensohn,B-B
149,manchmal,n
149,denk,n
149,ich,n
149,mir,n
149,einfach,n
149,nur,n
149,fick,B-B
149,dich,B
149,.,n
110,kannst,n
110,du,n
110,bitte,n
110,aufhören,n
110,dir,n
110,andauernd,n
110,auf,n
110,den,n
110,dödel,n
110,zu,n
110,greifen,n
110,?,n
297,ist,n
297,mir,n
297,scheißegal,B-B
297,was,n
297,passiert,n
297,ist,n
297,",",n
297,ich,n
297,war,n
297,nicht,n
297,dabei,n
297,und,n
297,kann,n
297,weder,n
297,etwas,n
297,leugnen,n
297,noch,n
297,zugeben,n
297,.,n
562,wer,n
562,wirklich,n
562,liebt,n
562,",",n
562,kümmert,n
562,sich,n
562,nicht,n
562,um,n
562,die,n
562,friendzone,n
562,.,n
168,ist,n
168,ja,n
168,nicht,n
168,zu,n
168,fassen,n
168,wie,n
168,viele,n
168,lügen,n
168,dieses,n
168,großmaul,B-B
168,erzählt,n
168,.,n
561,ein,n
561,mysteriöser,n
561,knall,n
561,am,n
561,himmel,n
561,beunruhigt,n
561,die,n
561,bewohner,n
561,.,n
363,zwei,n
363,vollidioten,B-B
363,ergeben,n
363,ein,n
363,chaos,n
363,.,n
78,ich,n
78,habe,n
78,es,n
78,der,n
78,dreckigen,B-B
78,hure,B
78,so,n
78,richtig,n
78,gezeigt,n
78,.,n
437,wenn,n
437,ich,n
437,für,n
437,einen,n
437,reifenplatzer,n
437,ein,n
437,neues,n
437,auto,n
437,bekomme,n
437,",",n
437,dann,n
437,fange,n
437,ich,n
437,bei,n
437,diesem,n
437,laden,n
437,auch,n
437,gleich,n
437,an,n
437,.,n
212,der,n
212,krüppel,B-B
212,nervt,n
212,.,n
193,heut,n
193,ist,n
193,ein,n
193,guter,n
193,tag,n
193,zum,n
193,kacken,B-B
193,",",n
193,die,n
193,sonne,n
193,scheint,n
193,mir,n
193,aus,n
193,dem,n
193,arsch,B-B
193,.,n
451,in,n
451,den,n
451,letzten,n
451,monaten,n
451,habe,n
451,man,n
451,am,n
451,aufbau,n
451,von,n
451,strukturen,n
451,gearbeitet,n
451,.,n
291,aber,n
291,freibäder,n
291,waren,n
291,an,n
291,solchen,n
291,tagen,n
291,schon,n
291,immer,n
291,scheiße,B-B
291,...,n
132,hau,n
132,ab,n
132,",",n
132,du,n
132,fickfehler,B-B
132,.,n
269,ein,n
269,feuerwehrmann,n
269,habe,n
269,gesagt,n
269,",",n
269,eine,n
269,wie,n
269,sie,n
269,brauche,n
269,nur,n
269,mal,n
269,einen,n
269,richtigen,n
269,pimmel,B-B
269,",",n
269,sie,n
269,ist,n
269,nämlich,n
269,lesbisch,n
269,.,n
76,wegen,n
76,solch,n
76,einem,n
76,mist,n
76,aber,n
76,gleich,n
76,die,n
76,justiz,n
76,dementsprechend,n
76,"""",n
76,anzugehen,n
76,"""",n
76,ist,n
76,genau,n
76,so,n
76,chaotisch,n
76,wie,n
76,die,n
76,verfolgung,n
76,dieser,n
76,deppen,B-B
76,.,n
578,ich,n
578,trinke,n
578,kein,n
578,bier,n
578,",",n
578,weil,n
578,es,n
578,mir,n
578,nicht,n
578,schmeckt,n
578,.,n
119,ich,n
119,überlege,n
119,der,n
119,dummen,B-B
119,nuss,B
119,einen,n
119,deutschkurs,n
119,zu,n
119,bezahlen,n
119,.,n
93,der,n
93,dumme,B-B
93,lernt,n
93,aus,n
93,seinen,n
93,fehlern,n
93,",",n
93,der,n
93,kluge,n
93,aus,n
93,den,n
93,fehlern,n
93,der,n
93,anderen,n
93,.,n
287,was,n
287,gibt,n
287,die,n
287,rp,n
287,dieser,n
287,"""",n
287,deutschland,n
287,verrecke,n
287,"""",n
287,und,n
287,"""",n
287,deutschland,n
287,du,n
287,mieses,n
287,stück,B-B
287,scheisse,B
287,"""",n
287,tante,n
287,überhaupt,n
287,eine,n
287,plattform,n
287,?,n
69,wir,n
69,wollten,n
69,gerade,n
69,bumsen,B-B
69,",",n
69,als,n
69,plötzlich,n
69,ihre,n
69,mutter,n
69,bei,n
69,der,n
69,tür,n
69,rein,n
69,kam,n
69,.,n
16,ein,n
16,arschloch,B-B
16,darf,n
16,man,n
16,sein,n
16,",",n
16,nur,n
16,nicht,n
16,anderen,n
16,unter,n
16,die,n
16,nase,n
16,reiben,n
16,.,n
164,erst,n
164,wollte,n
164,ich,n
164,sie,n
164,nicht,n
164,in,n
164,ihre,n
164,fotze,B-B
164,ficken,B-B
164,",",n
164,aber,n
164,nachdem,n
164,sie,n
164,mich,n
164,nach,n
164,dem,n
164,arschfick,B-B
164,angebettelt,n
164,hat,n
164,",",n
164,habe,n
164,ich,n
164,ihr,n
164,den,n
164,gefallen,n
164,getan,n
164,.,n
189,noch,n
189,eine,n
189,judensau,B-B
189,",",n
189,die,n
189,hier,n
189,das,n
189,maul,n
189,aufreisst,n
189,.,n
89,warum,n
89,finden,n
89,sie,n
89,es,n
89,in,n
89,ordnung,n
89,",",n
89,mich,n
89,eine,n
89,drecksfotze,B-B
89,zu,n
89,nennen,n
89,?,n
480,wenn,n
480,anarchismus,n
480,einen,n
480,klang,n
480,hätte,n
480,",",n
480,wie,n
480,würde,n
480,er,n
480,klingen,n
480,?,n
118,schlau,n
118,war,n
118,die,n
118,dumme,B-B
118,nuss,B
118,ja,n
118,noch,n
118,nie,n
118,.,n
370,er,n
370,hat,n
370,sich,n
370,an,n
370,einige,n
370,klassiker,n
370,des,n
370,swing,n
370,gewagt,n
370,",",n
370,die,n
370,nur,n
370,wenige,n
370,singen,n
370,können,n
370,",",n
370,ohne,n
370,wie,n
370,volltrottel,B-B
370,zu,n
370,klingen,n
370,.,n
391,wixen,B-B
391,macht,n
391,mehr,n
391,spaß,n
391,",",n
391,wenn,n
391,einem,n
391,eine,n
391,geile,B-B
391,fotze,B
391,dabei,n
391,zusieht,n
391,.,n
34,du,n
34,kleiner,n
34,arschlecker,B-B
34,spannst,n
34,mir,n
34,sicher,n
34,nicht,n
34,meine,n
34,freundin,n
34,aus,n
34,.,n
1,das,n
1,schlimme,n
1,am,n
1,rechten,B-B
1,pöbel,B
1,ist,n
1,",",n
1,das,n
1,er,n
1,nicht,n
1,begreift,n
1,",",n
1,das,n
1,er,n
1,selber,n
1,der,n
1,abschaum,B-B
1,ist,n
1,",",n
1,der,n
1,in,n
1,deutschland,n
1,nichts,n
1,verloren,n
1,hat,n
1,.,n
579,manchmal,n
579,frage,n
579,ich,n
579,mich,n
579,",",n
579,wozu,n
579,das,n
579,alles,n
579,.,n
528,lasse,n
528,deine,n
528,lieblingszahl,n
528,auf,n
528,eine,n
528,goldmünze,n
528,gravieren,n
528,!,n
336,eine,n
336,strunzdumme,B-B
336,transe,B
336,verliert,n
336,ihre,n
336,stöckelschuhe,n
336,und,n
336,fällt,n
336,schimpfend,n
336,zu,n
336,boden,n
336,.,n
323,und,n
323,da,n
323,sage,n
323,mir,n
323,einer,n
323,",",n
323,in,n
323,neuss,n
323,gibt,n
323,es,n
323,keine,n
323,spinner,B-B
323,mehr,n
323,.,n
279,soll,n
279,ich,n
279,dir,n
279,vor,n
279,die,n
279,tür,n
279,scheissen,B-B
279,?,n
281,spielen,n
281,den,n
281,gleichen,n
281,scheiss,B-B
281,",",n
281,wie,n
281,immer,n
281,.,n
23,das,n
23,ist,n
23,ein,n
23,typ,n
23,",",n
23,keine,n
23,frau,n
23,",",n
23,deshalb,n
23,hat,n
23,er,n
23,auch,n
23,nur,n
23,eine,n
23,arschfotze,B-B
23,.,n
425,sie,n
425,predigen,n
425,uns,n
425,wasser,n
425,und,n
425,selber,n
425,saufen,n
425,sie,n
425,ungezügelt,n
425,den,n
425,champagner,n
425,.,n
117,woher,n
117,hat,n
117,diese,n
117,dumme,B-B
117,nuss,B
117,überhaupt,n
117,deine,n
117,telefonnummer,n
117,?,n
90,du,n
90,bist,n
90,einfach,n
90,nur,n
90,dumm,B-B
90,!,n
347,so,n
347,eine,n
347,verdammte,B-B
347,scheiße,B
347,!,n
349,verdammter,B-B
349,scheiß,B
349,!,n
19,wer,n
19,läßt,n
19,sich,n
19,schon,n
19,gerne,n
19,einen,n
19,hodenbeißer,B-B
19,",",n
19,arschficker,B-B
19,",",n
19,wurmwichser,B-B
19,oder,n
19,gar,n
19,eine,n
19,»,n
19,spanische,n
19,sackratte,n
19,«,n
19,nennen,n
19,?,n
273,sie,n
273,ist,n
273,mal,n
273,brutal,n
273,und,n
273,sadistisch,n
273,",",n
273,mal,n
273,rattenscharf,B-B
273,und,n
273,willig,n
273,.,n
311,dieser,n
311,schweinehund,B-B
311,",",n
311,der,n
311,ihn,n
311,mir,n
311,genommen,n
311,hat,n
311,",",n
311,weiß,n
311,gar,n
311,nicht,n
311,",",n
311,was,n
311,er,n
311,mir,n
311,angetan,n
311,hat,n
311,.,n
145,ja,n
145,",",n
145,voraussichtlich,n
145,brauche,n
145,ich,n
145,zum,n
145,ficken,B-B
145,mein,n
145,gottverdammtes,B-B
145,linkes,n
145,bein,n
145,.,n
276,sie,n
276,spielten,n
276,schabracken,B-B
276,",",n
276,alte,B-B
276,schachteln,B
276,.,n
411,zwar,n
411,dürfen,n
411,im,n
411,achtelfinale,n
411,schon,n
411,potentielle,n
411,endspiele,n
411,stattfinden,n
411,.,n
529,eine,n
529,frage,n
529,an,n
529,euch,n
529,.,n
415,das,n
415,wäre,n
415,sinnvoll,n
415,.,n
239,wenn,n
239,ihre,n
239,möse,B-B
239,stinkt,n
239,",",n
239,dann,n
239,sollte,n
239,sie,n
239,die,n
239,drecksfut,B-B
239,mal,n
239,waschen,n
239,.,n
256,oh,n
256,oh,n
256,",",n
256,das,n
256,gefällt,n
256,den,n
256,alten,n
256,weißen,n
256,männern,n
256,aber,n
256,gar,n
256,nicht,n
256,",",n
256,dass,n
256,sie,n
256,nicht,n
256,mehr,n
256,neger,B-B
256,sagen,n
256,dürfen,n
256,.,n
534,jedes,n
534,buch,n
534,",",n
534,das,n
534,ich,n
534,lese,n
534,",",n
534,ist,n
534,gut,n
534,.,n
566,was,n
566,ist,n
566,dein,n
566,kindheits-spitzname,n
566,und,n
566,woher,n
566,stammt,n
566,er,n
566,?,n
55,ich,n
55,kann,n
55,nicht,n
55,fassen,n
55,",",n
55,dass,n
55,diese,n
55,blöde,B-B
55,kuh,B
55,den,n
55,nobelpreis,n
55,gewonnen,n
55,hat,n
55,.,n
219,wenn,n
219,man,n
219,technisch,n
219,minderbemittelt,B-B
219,ist,n
219,",",n
219,heisst,n
219,es,n
219,noch,n
219,lange,n
219,nicht,n
219,",",n
219,man,n
219,dürfe,n
219,alles,n
219,kleinholzen,n
219,!,n
47,dieser,n
47,dummen,B-B
47,sau,B
47,hilft,n
47,nicht,n
47,mal,n
47,privatnachhilfe,n
47,.,n
94,wer,n
94,nicht,n
94,mit,n
94,dem,n
94,auto,n
94,fährt,n
94,ist,n
94,der,n
94,dumme,B-B
94,",",n
94,der,n
94,den,n
94,anderen,n
94,autos,n
94,den,n
94,raum,n
94,zur,n
94,verfügung,n
94,stellt,n
94,.,n
258,schon,n
258,wieder,n
258,diese,n
258,nigger,B-B
258,.,n
109,vorhin,n
109,aufm,n
109,bahnhofsklo,n
109,starrte,n
109,so,n
109,ein,n
109,junkie,n
109,voll,n
109,lange,n
109,auf,n
109,seinen,n
109,dödel,n
109,und,n
109,meinte,n
109,plötzlich,n
109,:,n
109,eyy,n
109,alder,n
109,!,n
266,ich,n
266,hasse,n
266,betrunkene,n
266,",",n
266,asoziale,B-B
266,pisser,B-B
266,in,n
266,der,n
266,bahn,n
266,.,n
585,schließ,n
585,einfach,n
585,deine,n
585,augen,n
585,und,n
585,vertrau,n
585,mir,n
585,.,n
463,habe,n
463,das,n
463,an,n
463,einer,n
463,tür,n
463,im,n
463,biologiegebäude,n
463,meiner,n
463,universität,n
463,gefunden,n
463,.,n
421,der,n
421,bürger,n
421,und,n
421,steuerzahler,n
421,hat,n
421,mal,n
421,wieder,n
421,nichts,n
421,davon,n
421,.,n
500,was,n
500,hättest,n
500,du,n
500,lieber,n
500,?,n
368,österreich,n
368,",",n
368,ein,n
368,land,n
368,voller,n
368,schauspieler,n
368,",",n
368,oberflächlichkeiten,n
368,sowie,n
368,begrenztem,n
368,bildungsniveau,n
368,",",n
368,das,n
368,einen,n
368,solchen,n
368,volltrottel,B-B
368,und,n
368,selbstdarsteller,n
368,wählt,n
368,.,n
522,ich,n
522,habe,n
522,lange,n
522,nicht,n
522,mehr,n
522,so,n
522,hart,n
522,gelacht,n
522,.,n
382,der,n
382,wichser,B-B
382,vom,n
382,jobcenter,n
382,hat,n
382,nicht,n
382,einmal,n
382,die,n
382,tür,n
382,aufgemacht,n
382,",",n
382,musste,n
382,seine,n
382,kollegen,n
382,und,n
382,kolleginnen,n
382,im,n
382,nebenzimmer,n
382,fragen,n
382,ob,n
382,der,n
382,typ,n
382,überhaupt,n
382,anwesend,n
382,ist,n
382,.,n
245,der,n
245,muschilecker,B-B
245,leckt,n
245,meine,n
245,muschi,B-B
245,bis,n
245,zum,n
245,höhepunkt,n
245,.,n
538,die,n
538,polizei,n
538,verhaftet,n
538,einen,n
538,weiteren,n
538,verdächtigen,n
538,im,n
538,mordfall,n
538,.,n
70,bock,n
70,auf,n
70,bumsen,B-B
70,?,n
443,kommst,n
443,du,n
443,kurz,n
443,",",n
443,ich,n
443,hab,n
443,eine,n
443,überraschung,n
443,für,n
443,dich,n
443,.,n
389,ich,n
389,frage,n
389,mich,n
389,wie,n
389,lange,n
389,man,n
389,wixen,B-B
389,kann,n
389,",",n
389,irgendwann,n
389,muss,n
389,ihm,n
389,die,n
389,hand,n
389,ja,n
389,weh,n
389,tun,n
389,.,n
272,die,n
272,mädels,n
272,sehen,n
272,rattenscharf,B-B
272,aus,n
272,und,n
272,können,n
272,gut,n
272,singen,n
272,.,n
196,in,n
196,wirklichkeit,n
196,langt,n
196,ihm,n
196,das,n
196,noch,n
196,nicht,n
196,",",n
196,denn,n
196,er,n
196,kackt,B-B
196,auch,n
196,in,n
196,seine,n
196,nachttischschubladen,n
196,rein,n
196,.,n
507,leute,n
507,",",n
507,die,n
507,auf,n
507,partys,n
507,oder,n
507,in,n
507,clubs,n
507,nicht,n
507,tanzen,n
507,",",n
507,glaubt,n
507,ihr,n
507,",",n
507,dass,n
507,sich,n
507,dies,n
507,negativ,n
507,auf,n
507,euer,n
507,liebesleben,n
507,auswirkt,n
507,?,n
553,ist,n
553,der,n
553,riss,n
553,in,n
553,meinem,n
553,reifen,n
553,gefährlich,n
553,?,n
150,den,n
150,zweiten,n
150,satz,n
150,auf,n
150,dem,n
150,banner,n
150,verstehe,n
150,ich,n
150,allerdings,n
150,nicht,n
150,",",n
150,wie,n
150,kann,n
150,man,n
150,sich,n
150,selbst,n
150,ficken,B-B
150,?,n
125,darin,n
125,muss,n
125,das,n
125,geheimnis,n
125,liegen,n
125,",",n
125,wie,n
125,aus,n
125,fettsäcken,B-B
125,athleten,n
125,werden,n
125,.,n
413,meine,n
413,erkenntnisse,n
413,resultierten,n
413,aus,n
413,trainingseindrücken,n
413,.,n
450,ich,n
450,hoffe,n
450,",",n
450,dass,n
450,es,n
450,heute,n
450,nacht,n
450,nicht,n
450,zu,n
450,kalt,n
450,wird,n
450,.,n
186,außer,n
186,mit,n
186,nörgelnder,n
186,stimme,n
186,dummes,B-B
186,zeug,n
186,zu,n
186,quatschen,n
186,und,n
186,wie,n
186,ein,n
186,idiot,B-B
186,aus,n
186,zu,n
186,sehen,n
186,hat,n
186,dieser,n
186,typ,n
186,keine,n
186,weitere,n
186,qualitäten,n
186,.,n
516,ich,n
516,habe,n
516,ein,n
516,video,n
516,auf,n
516,youtube,n
516,gepostet,n
516,.,n
282,was,n
282,für,n
282,ein,n
282,scheiss,B-B
282,tag,n
282,.,n
236,ich,n
236,habe,n
236,ihr,n
236,auf,n
236,die,n
236,möpse,B-B
236,gegriffen,n
236,",",n
236,während,n
236,sie,n
236,mit,n
236,ihrer,n
236,besten,n
236,freundin,n
236,telefoniert,n
236,hat,n
236,.,n
464,wie,n
464,sammle,n
464,ich,n
464,erfahrung,n
464,?,n
482,gestern,n
482,kam,n
482,sie,n
482,nach,n
482,hause,n
482,und,n
482,sie,n
482,hat,n
482,sich,n
482,perfekt,n
482,eingelebt,n
482,.,n
537,ich,n
537,habe,n
537,herausgefunden,n
537,",",n
537,dass,n
537,die,n
537,familie,n
537,meines,n
537,großvaters,n
537,ganz,n
537,auf,n
537,die,n
537,luftfahrt,n
537,fixiert,n
537,war,n
537,.,n
354,dieses,n
354,asoziale,B-B
354,klientel,n
354,interessiert,n
354,es,n
354,keinen,n
354,deut,n
354,",",n
354,ob,n
354,die,n
354,kläffenden,n
354,viecher,n
354,alles,n
354,vollscheißen,B-B
354,",",n
354,solange,n
354,es,n
354,nur,n
354,nicht,n
354,die,n
354,eigene,n
354,wohnung,n
354,ist,n
354,.,n
540,das,n
540,versenden,n
540,von,n
540,gekühltem,n
540,medikament,n
540,ins,n
540,ausland,n
540,.,n
439,gehwege,n
439,müssen,n
439,ausschließlich,n
439,fußgängern,n
439,vorbehalten,n
439,bleiben,n
439,.,n
115,der,n
115,dummbatz,B-B
115,schiebt,n
115,sich,n
115,eine,n
115,gummifaust,n
115,in,n
115,den,n
115,arsch,B-B
115,",",n
115,wie,n
115,lächerlich,n
115,!,n
204,er,n
204,bezeichne,n
204,die,n
204,haltung,n
204,frankreichs,n
204,als,n
204,arrogant,n
204,",",n
204,wolle,n
204,die,n
204,kanaken,B-B
204,aber,n
204,lediglich,n
204,moralisch,n
204,unterstützen,n
204,.,n
142,du,n
142,kleiner,n
142,fotzenlecker,B-B
142,!,n
329,zeig,n
329,mir,n
329,deine,n
329,titten,B-B
329,",",n
329,du,n
329,fotze,B-B
329,.,n
8,wir,n
8,bürger,n
8,sind,n
8,doch,n
8,mittlerweile,n
8,der,n
8,letzte,n
8,arsch,B-B
8,",",n
8,der,n
8,nur,n
8,noch,n
8,verarscht,B-B
8,wird,n
8,.,n
508,von,n
508,welcher,n
508,website,n
508,kaufst,n
508,du,n
508,deine,n
508,kleidung,n
508,?,n
20,er,n
20,ist,n
20,ein,n
20,arschficker,B-B
20,",",n
20,der,n
20,sonst,n
20,nichts,n
20,drauf,n
20,hat,n
20,.,n
173,halt,n
173,die,n
173,fresse,n
173,",",n
173,du,n
173,arschloch,B-B
173,!,n
584,wenn,n
584,du,n
584,dich,n
584,jetzt,n
584,umdrehst,n
584,ist,n
584,die,n
584,überraschung,n
584,zerstört,n
584,.,n
57,ach,n
57,ja,n
57,ich,n
57,blödmann,B-B
57,",",n
57,steht,n
57,doch,n
57,im,n
57,artikel,n
57,",",n
57,weil,n
57,so,n
57,viele,n
57,fahrräder,n
57,auf,n
57,den,n
57,straßen,n
57,unterwegs,n
57,sind,n
57,.,n
292,schon,n
292,scheiße,B-B
292,",",n
292,wenn,n
292,man,n
292,der,n
292,gesellschaftlichen,n
292,realität,n
292,immer,n
292,ein,n
292,jahrhunder,n
292,hinterherhinkt,n
292,",",n
292,aber,n
292,in,n
292,der,n
292,politik,n
292,den,n
292,ton,n
292,angeben,n
292,möchte,n
292,.,n
433,fahrt,n
433,doch,n
433,alle,n
433,vernüftig,n
433,.,n
435,alle,n
435,karten,n
435,mischen,n
435,",",n
435,hoch,n
435,werfen,n
435,und,n
435,du,n
435,bist,n
435,es,n
435,.,n
313,ich,n
313,kann,n
313,nicht,n
313,glauben,n
313,",",n
313,was,n
313,diese,n
313,schwuchtel,B-B
313,hier,n
313,abzieht,n
313,.,n
536,eines,n
536,meiner,n
536,lieblingsbilder,n
536,von,n
536,einem,n
536,meiner,n
536,lieblingsflugzeuge,n
536,.,n
50,der,n
50,blogger,n
50,war,n
50,zu,n
50,blöd,B-B
50,und,n
50,hat,n
50,seine,n
50,gerechte,n
50,strafe,n
50,erhalten,n
50,.,n
260,besoffener,n
260,typ,n
260,bezeichnet,n
260,mich,n
260,und,n
260,ein,n
260,anderes,n
260,mädchen,n
260,in,n
260,der,n
260,bahn,n
260,als,n
260,nutte,B-B
260,.,n
26,alle,n
26,tätowiert,n
26,",",n
26,gepierct,n
26,",",n
26,mit,n
26,bunten,n
26,haaren,n
26,",",n
26,häßlichen,n
26,klamotten,n
26,",",n
26,ein,n
26,heer,n
26,von,n
26,arschgeigen,B-B
26,.,n
427,geld,n
427,und,n
427,macht,n
427,.,n
221,du,n
221,bist,n
221,wohl,n
221,geistig,n
221,zu,n
221,minderbemittelt,B-B
221,um,n
221,den,n
221,punkt,n
221,zu,n
221,verstehen,n
221,?,n
221,!,n
337,ein,n
337,trottel,B-B
337,in,n
337,leitender,n
337,position,n
337,duldet,n
337,keine,n
337,hellen,n
337,köpfe,n
337,neben,n
337,sich,n
337,",",n
337,sondern,n
337,nur,n
337,trottels,B-B
337,gehilfen,n
337,.,n
288,gegen,n
288,hertha,n
288,wirds,n
288,wieder,n
288,theater,n
288,geben,n
288,und,n
288,wir,n
288,können,n
288,wieder,n
288,die,n
288,scheisse,B-B
288,einatmen,n
288,.,n
43,menschen,n
43,sind,n
43,charakterlich,n
43,meist,n
43,ziemlich,n
43,beschissen,B-B
43,.,n
527,eine,n
527,gefälschte,n
527,werbung,n
527,verhöhnt,n
527,die,n
527,männermode,n
527,und,n
527,die,n
527,werbekampagnen,n
527,für,n
527,luxus-einzelhandel,n
527,.,n
330,hast,n
330,du,n
330,ihre,n
330,titten,B-B
330,gesehen,n
330,",",n
330,die,n
330,sind,n
330,ja,n
330,riesig,n
330,!,n
543,für,n
543,wen,n
543,ist,n
543,die,n
543,empörte,n
543,mittelschicht,n
543,?,n
523,wenn,n
523,du,n
523,das,n
523,spielzeug,n
523,am,n
523,boden,n
523,der,n
523,müslischachtel,n
523,findest,n
366,mit,n
366,solchen,n
366,vollpfosten,B-B
366,kann,n
366,man,n
366,nicht,n
366,arbeiten,n
366,!,n
369,es,n
369,war,n
369,einer,n
369,dieser,n
369,besonderen,n
369,momente,n
369,;,n
369,sie,n
369,kleideten,n
369,mich,n
369,ein,n
369,",",n
369,und,n
369,ich,n
369,sah,n
369,aus,n
369,wie,n
369,ein,n
369,volltrottel,B-B
369,.,n
155,aber,n
155,niemand,n
155,von,n
155,uns,n
155,war,n
155,so,n
155,hirnrissig,B-B
155,oder,n
155,so,n
155,fanatisch,n
155,",",n
155,ihm,n
155,den,n
155,tod,n
155,zu,n
155,wünschen,n
155,.,n
127,nach,n
127,dem,n
127,stressigen,n
127,semester,n
127,brauch,n
127,ich,n
127,endlich,n
127,mal,n
127,wieder,n
127,einen,n
127,guten,n
127,fick,B-B
127,.,n
300,der,n
300,scheißkerl,B-B
300,braucht,n
300,sich,n
300,nie,n
300,wieder,n
300,hier,n
300,blicken,n
300,lassen,n
300,.,n
334,warum,n
334,finden,n
334,sie,n
334,es,n
334,in,n
334,ordnung,n
334,",",n
334,mich,n
334,eine,n
334,transe,B-B
334,zu,n
334,nennen,n
334,?,n
430,sie,n
430,sind,n
430,schon,n
430,lange,n
430,hier,n
430,",",n
430,es,n
430,wurde,n
430,nur,n
430,kaum,n
430,bemerkt,n
430,.,n
175,leute,n
175,",",n
175,die,n
175,mir,n
175,nachrichten,n
175,wie,n
175,"""",n
175,du,n
175,bist,n
175,eine,n
175,hure,B-B
175,",",n
175,mehr,n
175,nicht,n
175,"""",n
175,schicken,n
175,",",n
175,werden,n
175,blockiert,n
175,.,n
32,es,n
32,gibt,n
32,unbelehrbare,n
32,fieslinge,B-B
32,",",n
32,aufgeblasene,n
32,wichte,B-B
32,",",n
32,arschkriecher,B-B
32,",",n
32,weggucker,n
32,und,n
32,sensible,n
32,wesen,n
32,.,n
114,einen,n
114,in,n
114,aller,n
114,öffentlichkeit,n
114,dummbatz,B-B
114,geheißenen,n
114,ehemann,n
114,kann,n
114,man,n
114,nur,n
114,bedauern,n
114,.,n
24,in,n
24,meinem,n
24,privaten,n
24,schimpfwörterlexikon,n
24,befinden,n
24,sich,n
24,ausdrücke,n
24,wie,n
24,arsch,B-B
24,mit,B
24,ohren,B
24,",",n
24,affenarsch,B-B
24,sowie,n
24,arschgeige,B-B
24,.,n
174,wenn,n
174,du,n
174,mal,n
174,kurz,n
174,deine,n
174,fresse,n
174,halten,n
174,würdest,n
174,",",n
174,dann,n
174,könnte,n
174,ich,n
174,mir,n
174,etwas,n
174,überlegen,n
174,.,n
306,ein,n
306,salzburger,n
306,gemeinderat,n
306,bleibt,n
306,trotz,n
306,eines,n
306,rassistischen,n
306,kommentars,n
306,im,n
306,amt,n
306,",",n
306,obwohl,n
306,er,n
306,im,n
306,juli,n
306,in,n
306,einem,n
306,wirren,n
306,facebook‑kommentar,n
306,von,n
306,schlitzaugen,B-B
306,und,n
306,niggern,B-B
306,geschrieben,n
306,hat,n
306,.,n
251,er,n
251,ist,n
251,entweder,n
251,politisch,n
251,ungebildet,n
251,",",n
251,oder,n
251,einfach,n
251,nur,n
251,ein,n
251,dummer,B-B
251,nazi,B-B
251,.,n
58,ob,n
58,ich,n
58,jemanden,n
58,laut,n
58,oder,n
58,leise,n
58,blödmann,B-B
58,nenne,n
58,",",n
58,ist,n
58,unwesentlich,n
58,.,n
312,du,n
312,gottverdammter,B-B
312,schweinehund,B-B
312,!,n
223,wenn,n
223,ich,n
223,diesen,n
223,mistkerl,B-B
223,erwische,n
223,!,n
397,kann,n
397,man,n
397,diesen,n
397,zicken,B-B
397,nicht,n
397,irgedendwie,n
397,ihre,n
397,streitlust,n
397,austreiben,n
397,?,n
25,aber,n
25,auch,n
25,arschgeige,B-B
25,trifft,n
25,es,n
25,ja,n
25,nicht,n
25,vollends,n
25,.,n
18,ich,n
18,hab,n
18,ihr,n
18,meinen,n
18,fetten,n
18,schwanz,B-B
18,ohne,n
18,vorwarnung,n
18,ins,n
18,arschloch,B-B
18,gesteckt,n
18,.,n
290,darüber,n
290,klebten,n
290,unbekannte,n
290,nun,n
290,zwei,n
290,große,n
290,aufkleber,n
290,mit,n
290,den,n
290,worten,n
290,:,n
290,„,n
290,sexismus,n
290,schmeckt,n
290,scheiße,B-B
290,!,n
290,!,n
290,!,n
290,“,n
290,.,n
67,man,n
67,muss,n
67,sich,n
67,nur,n
67,fragen,n
67,",",n
67,warum,n
67,der,n
67,rote,n
67,schröder,n
67,für,n
67,einen,n
67,christdemokratischen,n
67,bonzen,B-B
67,werbung,n
67,macht,n
67,?,n
519,nehmen,n
519,sie,n
519,sich,n
519,ein,n
519,paar,n
519,minuten,n
519,zeit,n
519,und,n
519,lassen,n
519,sie,n
519,mich,n
519,wissen,n
519,",",n
519,was,n
519,sie,n
519,denken,n
519,.,n
577,ein,n
577,leben,n
577,für,n
577,ein,n
577,bier,n
577,.,n
321,das,n
321,passt,n
321,zu,n
321,einem,n
321,spasti,B-B
321,wie,n
321,dir,n
321,.,n
213,sie,n
213,sind,n
213,eine,n
213,lusche,B-B
213,!,n
559,schwerster,n
559,unfall,n
559,in,n
559,der,n
559,geschichte,n
559,der,n
559,luftfahrt,n
191,diese,n
191,pseudo-selbstständigen,n
191,hauen,n
191,dafür,n
191,aber,n
191,um,n
191,so,n
191,mehr,n
191,auf,n
191,die,n
191,kacke,B-B
191,.,n
570,ich,n
570,fange,n
570,heute,n
570,im,n
570,neuen,n
570,job,n
570,an,n
570,und,n
570,bin,n
570,so,n
570,nervös,n
570,.,n
515,warte,n
515,mal,n
515,",",n
515,wie,n
515,funktioniert,n
515,die,n
515,cloud,n
515,?,n
265,frauen,n
265,",",n
265,nutten,B-B
265,",",n
265,alles,n
265,dasselbe,n
265,.,n
95,oder,n
95,um,n
95,es,n
95,mit,n
95,pythagoras,n
95,zu,n
95,sagen,n
95,:,n
95,am,n
95,dümmsten,B-B
95,ist,n
95,der,n
95,dumme,B-B
95,der,n
95,sich,n
95,für,n
95,schlau,n
95,hält,n
95,.,n
181,er,n
181,ist,n
181,ein,n
181,hurensohn,B-B
181,",",n
181,aber,n
181,in,n
181,der,n
181,politik,n
181,ist,n
181,er,n
181,der,n
181,mann,n
181,mit,n
181,dem,n
181,größten,n
181,talent,n
181,.,n
322,was,n
322,sind,n
322,wir,n
322,doch,n
322,für,n
322,spinner,B-B
322,geworden,n
322,.,n
319,er,n
319,ist,n
319,so,n
319,ein,n
319,spasti,B-B
319,!,n
302,während,n
302,die,n
302,schlampe,B-B
302,von,n
302,der,n
302,deutschen,n
302,bahn,n
302,hysterisch,n
302,ihre,n
302,leute,n
302,warnt,n
302,",",n
302,rannte,n
302,ich,n
302,schnell,n
302,davon,n
302,.,n
6,wenn,n
6,du,n
6,damit,n
6,nicht,n
6,aufhörst,n
6,werden,n
6,wir,n
6,einen,n
6,anschiss,B-B
6,kriegen,n
6,.,n
46,diese,n
46,fette,B-B
46,sau,B
46,würde,n
46,ich,n
46,nie,n
46,im,n
46,leben,n
46,ficken,B-B
46,!,n
285,ich,n
285,kann,n
285,diesen,n
285,scheissdreck,B-B
285,nicht,n
285,mehr,n
285,hören,n
285,.,n
375,dafür,n
375,ist,n
375,er,n
375,wenigstens,n
375,ein,n
375,entschlossenes,n
375,weichei,B-B
375,",",n
375,das,n
375,sich,n
375,in,n
375,aktiver,n
375,sicherheit,n
375,wiegen,n
375,kann,n
375,.,n
539,warum,n
539,auf,n
539,dem,n
539,gebiet,n
539,der,n
539,energie,n
539,zurückgehen,n
539,?,n
17,wie,n
17,würd,n
17,der,n
17,richter,n
17,sich,n
17,fühlen,n
17,",",n
17,wenn,n
17,man,n
17,ihn,n
17,drecksack,B-B
17,",",n
17,arschloch,B-B
17,oder,n
17,wixer,B-B
17,betiteln,n
17,würde,n
17,.,n
49,würde,n
49,ich,n
49,auch,n
49,für,n
49,mich,n
49,so,n
49,sehen,n
49,",",n
49,wenn,n
49,ich,n
49,mich,n
49,so,n
49,blöd,B-B
49,irgendwo,n
49,hinstelle,n
49,.,n
565,wie,n
565,viele,n
565,goldmedaillen,n
565,hast,n
565,du,n
565,schon,n
565,erhalten,n
565,?,n
471,auf,n
471,der,n
471,suche,n
471,nach,n
471,ratschlägen,n
471,für,n
471,eine,n
471,pistolen-ausstattung,n
471,.,n
4,aber,n
4,richtig,n
4,ist,n
4,der,n
4,anschiss,B-B
4,schon,n
4,",",n
4,derbe,n
4,und,n
4,hart,n
4,",",n
4,aber,n
4,der,n
4,rest,n
4,",",n
4,naja,n
4,.,n
317,wenn,n
317,ein,n
317,shitstorm,B-B
317,wütet,n
317,",",n
317,sei,n
317,es,n
317,wichtig,n
317,zu,n
317,wissen,n
317,",",n
317,wer,n
317,im,n
317,unternehmen,n
317,darauf,n
317,reagieren,n
317,müsse,n
317,und,n
317,auf,n
317,welche,n
317,art,n
317,dies,n
317,geschehen,n
317,solle,n
317,.,n
350,verpiss,B-B
350,dich,B
350,einfach,n
350,!,n
555,meine,n
555,güte,n
555,!,n
226,sie,n
226,sei,n
226,oft,n
226,ein,n
226,schlecht,n
226,gelauntes,n
226,miststück,B-B
226,",",n
226,hat,n
226,sie,n
226,einmal,n
226,über,n
226,sich,n
226,selbst,n
226,gesagt,n
226,.,n
27,und,n
27,damit,n
27,ist,n
27,auch,n
27,die,n
27,zeit,n
27,der,n
27,arschgesichter,B-B
27,am,n
27,ring,n
27,vorbei,n
27,.,n
264,ich,n
264,habe,n
264,es,n
264,satt,n
264,mit,n
264,diesen,n
264,nutten,B-B
264,zu,n
264,diskutieren,n
264,.,n
51,die,n
51,blöde,B-B
51,fotze,B-B
51,kann,n
51,mir,n
51,gestohlen,n
51,bleiben,n
51,.,n
230,sie,n
230,ist,n
230,die,n
230,beste,n
230,muschi,B-B
230,im,n
230,ganzen,n
230,puff,n
230,.,n
38,blowjobs,B-B
38,sind,n
38,das,n
38,geilste,n
38,!,n
158,nichts,n
158,für,n
158,angsthasen,B-B
158,und,n
158,hosenscheißer,B-B
158,sei,n
158,das,n
158,märchen,n
158,",",n
158,dafür,n
158,aber,n
158,geeignet,n
158,für,n
158,kinder,n
158,ab,n
158,fünf,n
158,jahren,n
158,.,n
238,ich,n
238,habe,n
238,mich,n
238,nicht,n
238,getraut,n
238,ihn,n
238,ihr,n
238,in,n
238,die,n
238,möse,B-B
238,zu,n
238,stecken,n
238,.,n
560,die,n
560,flitterwochen,n
560,könnten,n
560,bald,n
560,vorbei,n
560,sein,n
560,.,n
176,wenn,n
176,mir,n
176,die,n
176,dumme,B-B
176,hure,B
176,den,n
176,schwanz,B-B
176,nicht,n
176,geil,B-B
176,wichst,n
176,",",n
176,dann,n
176,bekommt,n
176,sie,n
176,einfach,n
176,kein,n
176,scheiß,B-B
176,geld,n
176,.,n
481,sie,n
481,haben,n
481,nicht,n
481,einmal,n
481,einen,n
481,durchsuchungsbefehl,n
481,.,n
518,es,n
518,ist,n
518,nur,n
518,ein,n
518,streich,n
518,",",n
518,bro,n
518,!,n
195,es,n
195,hat,n
195,noch,n
195,nie,n
195,auf,n
195,den,n
195,fußweg,n
195,gekackt,B-B
195,",",n
195,und,n
195,erst,n
195,kürzlich,n
195,war,n
195,es,n
195,in,n
195,der,n
195,reparatur,n
195,.,n
486,gibt,n
486,es,n
486,eine,n
486,gute,n
486,anleitung,n
486,dafür,n
486,?,n
564,was,n
564,sollte,n
564,ich,n
564,beachten,n
564,",",n
564,wenn,n
564,ich,n
564,mir,n
564,einen,n
564,laptop,n
564,kaufe,n
564,?,n
513,das,n
513,beste,n
513,kompliment,n
513,",",n
513,das,n
513,du,n
513,erhalten,n
513,hast,n
513,.,n
68,gehen,n
68,würde,n
68,sie,n
68,nur,n
68,dann,n
68,",",n
68,wenn,n
68,sie,n
68,gestürzt,n
68,werden,n
68,würde,n
68,",",n
68,nur,n
68,dazu,n
68,haben,n
68,die,n
68,bonzen,B-B
68,keine,n
68,eier,n
68,und,n
68,keinen,n
68,arsch,B-B
68,in,n
68,der,n
68,hose,n
68,!,n
310,ich,n
310,weiß,n
310,",",n
310,daß,n
310,es,n
310,unter,n
310,den,n
310,kanaken,B-B
310,einige,n
310,hervorragende,n
310,männer,n
310,gegeben,n
310,hat,n
310,",",n
310,aber,n
310,die,n
310,masse,n
310,sind,n
310,eben,n
310,schweinehunde,B-B
310,.,n
169,statt,n
169,information,n
169,und,n
169,transparenz,n
169,auch,n
169,noch,n
169,blöde,n
169,sprüche,n
169,einer,n
169,hackfresse,B-B
169,...,n
169,macht,n
169,weiter,n
169,so,n
169,!,n
394,es,n
394,sieht,n
394,zum,n
394,ersten,n
394,mal,n
394,richtig,n
394,schlecht,n
394,aus,n
394,für,n
394,den,n
394,hochwohlgeborenen,n
394,witzbold,B-B
394,.,n
495,die,n
495,besten,n
495,motoren,n
495,auf,n
495,dem,n
495,markt,n
495,?,n
194,fällt,n
194,einer,n
194,der,n
194,drei,n
194,frauen,n
194,auf,n
194,",",n
194,die,n
194,mal,n
194,zwischendurch,n
194,kacken,B-B
194,muss,n
194,.,n
153,ficken,B-B
153,kann,n
153,er,n
153,echt,n
153,gut,n
153,.,n
387,das,n
387,ist,n
387,wie,n
387,das,n
387,erste,n
387,mal,n
387,wichsen,B-B
387,",",n
387,behauptet,n
387,der,n
387,roman,n
387,.,n
484,die,n
484,bargeldlose,n
484,sozialkarte,n
484,könnte,n
484,bei,n
484,der,n
484,wahl,n
484,eingesetzt,n
484,werden,n
484,.,n
469,ich,n
469,werde,n
469,für,n
469,immer,n
469,meine,n
469,ratsche,n
469,so,n
469,nennen,n
469,.,n
362,wer,n
362,hat,n
362,denn,n
362,diesem,n
362,vollidioten,B-B
362,einen,n
362,führerschein,n
362,gegeben,n
362,?,n
104,ihre,n
104,mitglieder,n
104,entsprechen,n
104,nicht,n
104,dem,n
104,klischierten,n
104,bild,n
104,der,n
104,dumpfbacke,B-B
104,mit,n
104,dem,n
104,kahl,n
104,rasierten,n
104,kopf,n
378,seit,n
378,einiger,n
378,zeit,n
378,ist,n
378,es,n
378,sehr,n
378,angesagt,n
378,",",n
378,sich,n
378,über,n
378,so,n
378,genannte,n
378,weicheier,B-B
378,lustig,n
378,zu,n
378,machen,n
378,.,n
75,heute,n
75,sind,n
75,nur,n
75,deppen,B-B
75,und,n
75,rücksichtslose,n
75,unterwegs,n
75,!,n
442,studienanfänger,n
442,sind,n
442,irgendwie,n
442,süß,n
442,.,n
563,wie,n
563,man,n
563,schritt,n
563,für,n
563,schritt,n
563,einen,n
563,blog,n
563,erstellt,n
563,.,n
120,der,n
120,einzige,n
120,feigling,B-B
120,ist,n
120,wohl,n
120,er,n
120,",",n
120,der,n
120,sich,n
120,an,n
120,hilflosen,n
120,zieglein,n
120,vergeht,n
120,.,n
457,förderung,n
457,von,n
457,treibhausgasen,n
457,:,n
457,es,n
457,ist,n
457,billiger,n
457,",",n
457,in,n
457,ganz,n
457,europa,n
457,zu,n
457,fliegen,n
457,",",n
457,als,n
457,eine,n
457,kurze,n
457,zugfahrt,n
457,im,n
457,vereinigten,n
457,königreich,n
457,zu,n
457,machen,n
457,.,n
395,sie,n
395,wurde,n
395,in,n
395,hollywood,n
395,jahrenlang,n
395,als,n
395,zicke,B-B
395,beschrieben,n
395,.,n
465,raus,n
465,mit,n
465,dem,n
465,alten,n
465,",",n
465,rein,n
465,mit,n
465,dem,n
465,neuen,n
465,",",n
465,einen,n
465,sitz,n
465,nach,n
465,dem,n
465,anderen,n
465,.,n
208,klugscheißer,B-B
208,mochte,n
208,ich,n
208,schon,n
208,in,n
208,der,n
208,schule,n
208,nicht,n
208,",",n
208,später,n
208,habe,n
208,ich,n
208,dann,n
208,gelernt,n
208,",",n
208,ihnen,n
208,rechtzeitig,n
208,aus,n
208,dem,n
208,weg,n
208,zu,n
208,gehen,n
208,.,n
355,die,n
355,jungen,n
355,würden,n
355,in,n
355,ein,n
355,nest,n
355,einsteigen,n
355,",",n
355,das,n
355,schon,n
355,fertig,n
355,gebaut,n
355,ist,n
355,",",n
355,und,n
355,dann,n
355,alles,n
355,vollscheißen,B-B
355,.,n
342,warum,n
342,finden,n
342,sie,n
342,es,n
342,in,n
342,ordnung,n
342,",",n
342,mich,n
342,eine,n
342,tunte,B-B
342,zu,n
342,nennen,n
342,?,n
332,warum,n
332,nur,n
332,mit,n
332,einer,n
332,titte,B-B
332,abfinden,n
332,",",n
332,wenn,n
332,man,n
332,zwei,n
332,gleichzeitig,n
332,kneten,n
332,kann,n
332,.,n
530,könntet,n
530,ihr,n
530,mir,n
530,einen,n
530,wert,n
530,für,n
530,das,n
530,geben,n
530,?,n
552,nackte,n
552,frau,n
552,randaliert,n
552,in,n
552,einer,n
552,bar,n
552,.,n
365,man,n
365,kann,n
365,diesem,n
365,vollpfosten,B-B
365,nur,n
365,wünschen,n
365,",",n
365,das,n
365,er,n
365,den,n
365,rettungsdienst,n
365,an,n
365,einem,n
365,sonntag,n
365,mal,n
365,in,n
365,anspruch,n
365,nehmen,n
365,muss,n
365,.,n
37,vielleicht,n
37,bekomme,n
37,ich,n
37,heute,n
37,einen,n
37,blowjob,B-B
37,",",n
37,wenn,n
37,sie,n
37,nicht,n
37,wieder,n
37,kopfschmerzen,n
37,hat,n
37,.,n
140,vor,n
140,jahren,n
140,ist,n
140,er,n
140,mir,n
140,mal,n
140,für,n
140,längere,n
140,zeit,n
140,mit,n
140,einem,n
140,flittchen,B-B
140,durchgebrannt,n
140,.,n
254,ein,n
254,schwarzafrikaner,n
254,darf,n
254,nicht,n
254,neger,B-B
254,genannt,n
254,werde,n
254,",",n
254,ein,n
254,sinti,n
254,oder,n
254,roma,n
254,nicht,n
254,zigeuner,B-B
254,und,n
254,eine,n
254,oma,n
254,nicht,n
254,umweltsau,B-B
254,.,n
304,dem,n
304,asiatischen,n
304,schüler,n
304,",",n
304,der,n
304,auf,n
304,dem,n
304,weg,n
304,zur,n
304,schule,n
304,an,n
304,einem,n
304,kindergarten,n
304,vorbei,n
304,muss,n
304,",",n
304,rufen,n
304,schon,n
304,die,n
304,kleinen,n
304,kinder,n
304,schlitzauge,B-B
304,nach,n
304,.,n
410,die,n
410,diskussion,n
410,ist,n
410,doch,n
410,sehr,n
410,einseitig,n
410,.,n
60,warum,n
60,sind,n
60,die,n
60,blödmänner,B-B
60,nur,n
60,nicht,n
60,schon,n
60,eher,n
60,auf,n
60,diese,n
60,geniale,n
60,vereinfachung,n
60,verfallen,n
60,?,n
112,zu,n
112,diesem,n
112,zeitpunkt,n
112,hat,n
112,er,n
112,den,n
112,dreckskerl,B-B
112,in,n
112,sich,n
112,kaum,n
112,noch,n
112,im,n
112,griff,n
112,.,n
351,verpiss,B-B
351,dich,B
351,!,n
573,er,n
573,kauft,n
573,sich,n
573,einen,n
573,cheeseburger,n
573,und,n
573,pommes,n
573,.,n
263,nutten,B-B
263,und,n
263,schlampen,B-B
263,sind,n
263,alle,n
263,gleich,n
263,.,n
558,ein,n
558,paar,n
558,freunde,n
558,von,n
558,mir,n
558,hatten,n
558,ein,n
558,wenig,n
558,spaß,n
558,mit,n
558,dem,n
558,spiel,n
558,.,n
298,ich,n
298,war,n
298,in,n
298,letzter,n
298,zeit,n
298,ein,n
298,ziemlicher,n
298,scheißkerl,B-B
298,.,n
151,habe,n
151,die,n
151,sendung,n
151,gesehen,n
151,und,n
151,der,n
151,moderator,n
151,ist,n
151,mir,n
151,mehrfach,n
151,unangenehm,n
151,aufgefallen,n
151,mit,n
151,seinem,n
151,vokabular,n
151,wie,n
151,z.b.,n
151,ficken,B-B
151,und,n
151,kacken,B-B
151,.,n
267,vielleicht,n
267,würde,n
267,sie,n
267,noch,n
267,mit,n
267,dir,n
267,gehn,n
267,",",n
267,damit,n
267,du,n
267,nicht,n
267,dastehst,n
267,wie,n
267,ein,n
267,belämmerter,n
267,pisser,B-B
267,.,n
503,weiß,n
503,jemand,n
503,",",n
503,was,n
503,die,n
503,geschichte,n
503,dahinter,n
503,ist,n
503,?,n
39,welcher,n
39,bastard,B-B
39,kommt,n
39,auf,n
39,die,n
39,idee,n
39,",",n
39,nen,n
39,böller,n
39,in,n
39,die,n
39,verfickte,B-B
39,bahn,n
39,zu,n
39,werfen,n
39,?,n
416,das,n
416,wäre,n
416,ein,n
416,knappes,n
416,viertel,n
416,aller,n
416,mitarbeiter,n
416,und,n
416,mitarbeiterinnen,n
416,in,n
416,der,n
416,branche,n
416,.,n
308,er,n
308,ist,n
308,ein,n
308,homo,B-B
308,und,n
308,ein,n
308,schwanzlutscher,B-B
308,.,n
199,eine,n
199,bekannte,n
199,tv‑kommentatorin,n
199,bezeichnete,n
199,er,n
199,via,n
199,twitter,n
199,als,n
199,kackwurst,B-B
199,",",n
199,andere,n
199,frauen,n
199,fand,n
199,er,n
199,saudumm,B-B
199,.,n
504,interessante,n
504,taktische,n
504,abfolge,n
504,in,n
504,diesem,n
504,spiel,n
504,.,n
147,auch,n
147,wenn,n
147,sich,n
147,die,n
147,tour,n
147,„,n
147,deutschland,n
147,",",n
147,arschloch,B-B
147,",",n
147,fick,B-B
147,dich,B
147,!,n
147,“,n
147,nennt,n
147,",",n
147,wird,n
147,am,n
147,abend,n
147,vorher,n
147,noch,n
147,das,n
147,b72,n
147,in,n
147,wien,n
147,besucht,n
147,.,n
520,viel,n
520,spaß,n
520,!,n
148,fick,B-B
148,dich,B
148,",",n
148,du,n
148,idiot,B-B
148,!,n
405,ich,n
405,müsste,n
405,theoretisch,n
405,umziehen,n
405,aus,n
405,bremen,n
405,.,n
326,man,n
326,konnte,n
326,den,n
326,ständer,B-B
326,in,n
326,seiner,n
326,hose,n
326,deutlich,n
326,sehen,n
326,.,n
502,es,n
502,tut,n
502,weh,n
502,",",n
502,das,n
502,zu,n
502,sehen,n
502,.,n
124,als,n
124,fettsack,B-B
124,mit,n
124,geldkoffer,n
124,und,n
124,handy,n
124,gewinnt,n
124,ein,n
124,deutscher,n
124,makler,n
124,kontur,n
124,.,n
550,kann,n
550,mir,n
550,bitte,n
550,jemand,n
550,sagen,n
550,",",n
550,welches,n
550,klassische,n
550,stück,n
550,im,n
550,hintergrund,n
550,in,n
550,diesem,n
550,clip,n
550,gespielt,n
550,wird,n
550,?,n
97,kann,n
97,diese,n
97,dumme,B-B
97,kuh,B
97,mich,n
97,nicht,n
97,einfach,n
97,in,n
97,ruhe,n
97,lassen,n
97,?,n
144,aber,n
144,manchmal,n
144,fragen,n
144,sie,n
144,sich,n
144,schon,n
144,",",n
144,warum,n
144,sie,n
144,wirklich,n
144,auf,n
144,jedes,n
144,gottverdammte,B-B
144,fest,n
144,eingeladen,n
144,werden,n
144,.,n
240,ich,n
240,habe,n
240,eine,n
240,morgenlatte,B-B
240,und,n
240,träume,n
240,von,n
240,einer,n
240,megageilen,B-B
240,milf,B-B
240,",",n
240,die,n
240,mir,n
240,einen,n
240,blowjob,B-B
240,gibt,n
240,.,n
364,ich,n
364,will,n
364,diese,n
364,vollidioten,B-B
364,nicht,n
364,noch,n
364,einmal,n
364,in,n
364,der,n
364,regierung,n
364,sehen,n
364,.,n
98,dieser,n
98,dummen,B-B
98,kuh,B
98,werde,n
98,ich,n
98,es,n
98,schon,n
98,noch,n
98,zeigen,n
98,.,n
325,der,n
325,porno,n
325,hat,n
325,ihm,n
325,einen,n
325,ständer,B-B
325,beschert,n
325,.,n
280,wenn,n
280,alles,n
280,zum,n
280,scheissen,B-B
280,ist,n
280,",",n
280,dann,n
280,kann,n
280,es,n
280,ja,n
280,nur,n
280,besser,n
280,werden,n
280,!,n
294,wie,n
294,überall,n
294,:,n
294,die,n
294,deutschen,n
294,sind,n
294,scheiße,B-B
294,",",n
294,aber,n
294,ihre,n
294,kohle,n
294,nehmen,n
294,wir,n
294,gerne,n
294,.,n
461,weiße,n
461,oder,n
461,schwarze,n
461,katze,n
461,?,n
123,pass,n
123,auf,n
123,",",n
123,dass,n
123,greenpeace,n
123,dich,n
123,nicht,n
123,zurück,n
123,ins,n
123,meer,n
123,wirft,n
123,",",n
123,fettsack,B-B
123,!,n
184,der,n
184,schritt,n
184,von,n
184,einem,n
184,idol,n
184,zu,n
184,einem,n
184,idiot,B-B
184,scheint,n
184,nur,n
184,ein,n
184,kleiner,n
184,zu,n
184,sein,n
184,.,n
203,halts,n
203,maul,n
203,",",n
203,du,n
203,kaffer,B-B
203,!,n
324,das,n
324,problem,n
324,sind,n
324,nicht,n
324,die,n
324,videos,n
324,der,n
324,spinner,B-B
324,",",n
324,sondern,n
324,die,n
324,merkwürdigen,n
324,algorithmen,n
324,",",n
324,anhand,n
324,derer,n
324,die,n
324,"""",n
324,vorgeschlagenen,n
324,videos,n
324,"""",n
324,ausgewählt,n
324,werden,n
324,.,n
247,sie,n
247,hat,n
247,riesige,n
247,nippel,B-B
247,",",n
247,an,n
247,denen,n
247,ich,n
247,einfach,n
247,gerne,n
247,saugen,n
247,würde,n
247,.,n
403,doch,n
403,muss,n
403,am,n
403,montag,n
403,mein,n
403,corsa,n
403,in,n
403,die,n
403,werkstatt,n
403,fahren,n
403,.,n
496,weiß,n
496,ist,n
496,am,n
496,zug,n
496,.,n
466,erstaunliche,n
466,autorekorde,n
466,.,n
396,wenn,n
396,diese,n
396,zicke,B-B
396,noch,n
396,länger,n
396,rumzickt,B-B
396,",",n
396,dann,n
396,vergesse,n
396,ich,n
396,mich,n
396,.,n
517,es,n
517,ist,n
517,lustig,n
517,.,n
376,du,n
376,bist,n
376,so,n
376,ein,n
376,weichei,B-B
376,",",n
376,ich,n
376,fasse,n
376,es,n
376,nicht,n
376,!,n
126,ich,n
126,gebe,n
126,keinen,n
126,fick,B-B
126,auf,n
126,meine,n
126,noten,n
126,.,n
399,im,n
399,fernsehen,n
399,wird,n
399,gerade,n
399,mal,n
399,wieder,n
399,der,n
399,lachs,n
399,als,n
399,schädlich,n
399,durchgenommen,n
399,und,n
399,hier,n
399,werden,n
399,von,n
399,"""",n
399,ökotest,n
399,"""",n
399,die,n
399,eier,n
399,schlechtgemacht,n
399,.,n
224,er,n
224,ist,n
224,ein,n
224,mistkerl,B-B
224,",",n
224,er,n
224,ist,n
224,ein,n
224,hund,n
224,",",n
224,er,n
224,ist,n
224,ein,n
224,schwein,B-B
224,",",n
224,ein,n
224,betrüger,n
224,",",n
224,ein,n
224,notorischer,n
224,lügner,n
224,.,n
343,die,n
343,deutschen,n
343,und,n
343,der,n
343,feinstaub,n
343,",",n
343,eine,n
343,verdammt,B-B
343,perverse,n
343,beziehung,n
343,.,n
54,du,n
54,blöde,B-B
54,kuh,B
54,!,n
220,zu,n
220,schreiben,n
220,",",n
220,dass,n
220,frauen,n
220,alle,n
220,arschlöcher,B-B
220,sind,n
220,",",n
220,sagt,n
220,viel,n
220,darüber,n
220,aus,n
220,",",n
220,wie,n
220,minderbemittelt,B-B
220,du,n
220,bist,n
220,.,n
130,ich,n
130,kenne,n
130,keinen,n
130,besseren,n
130,ficker,B-B
130,als,n
130,ihn,n
130,.,n
531,ich,n
531,wusste,n
531,nicht,n
531,",",n
531,dass,n
531,ich,n
531,das,n
531,habe,n
531,.,n
381,ich,n
381,weiß,n
381,ganz,n
381,genau,n
381,",",n
381,dass,n
381,die,n
381,leute,n
381,mich,n
381,für,n
381,einen,n
381,wichser,B-B
381,halten,n
381,.,n
432,geringeres,n
432,tempo,n
432,bedeutet,n
432,mehr,n
432,sicherheit,n
432,und,n
432,lebensqualität,n
432,für,n
432,die,n
432,menschen,n
432,vor,n
432,or,n
497,finde,n
497,den,n
497,plan,n
497,",",n
497,um,n
497,dem,n
497,ewigen,n
497,schach,n
497,zu,n
497,entkommen,n
497,.,n
383,die,n
383,meisten,n
383,makler,n
383,sind,n
383,absolute,n
383,wixer,B-B
383,.,n
468,ich,n
468,wurde,n
468,an,n
468,einer,n
468,ampel,n
468,angehalten,n
468,",",n
468,als,n
468,das,n
468,hier,n
468,heranfuhr,n
468,.,n
444,ich,n
444,glaube,n
444,ich,n
444,gehe,n
444,heute,n
444,abend,n
444,essen,n
444,.,n
295,es,n
295,ist,n
295,scheißegal,B-B
295,welche,n
295,farbe,n
295,der,n
295,sozialismus,n
295,hat,n
295,",",n
295,immer,n
295,steht,n
295,er,n
295,dem,n
295,streben,n
295,nach,n
295,freiheit,n
295,und,n
295,selbstbestimmung,n
295,des,n
295,individuums,n
295,entgegen,n
295,.,n
483,das,n
483,baby,n
483,sieht,n
483,in,n
483,seinem,n
483,neuen,n
483,pullover,n
483,extrem,n
483,glücklich,n
483,aus,n
483,.,n
446,kommst,n
446,du,n
446,mit,n
446,?,n
401,ohne,n
401,rap,n
401,wird,n
401,vielleicht,n
401,mehr,n
401,aus,n
401,ihm,n
113,ihr,n
113,weggehen,n
113,wäre,n
113,nur,n
113,ein,n
113,sieg,n
113,für,n
113,jene,n
113,dreckskerle,n
113,",",n
113,die,n
113,dieses,n
113,entsetzliche,n
113,verbrechen,n
113,begangen,n
113,haben,n
113,.,n
180,wir,n
180,alle,n
180,müssen,n
180,aufhören,n
180,frauen,n
180,huren,B-B
180,zu,n
180,nennen,n
180,.,n
406,du,n
406,kannst,n
406,dir,n
406,überall,n
406,im,n
406,kölner,n
406,stadtbereich,n
406,was,n
406,suchen,n
406,.,n
445,gibt,n
445,es,n
445,dafür,n
445,einen,n
445,erkennbaren,n
445,grund,n
445,?,n
434,wir,n
434,können,n
434,meine,n
434,katze,n
434,nicht,n
434,davon,n
434,abhalten,n
434,",",n
434,das,n
434,ganze,n
434,haus,n
434,als,n
434,katzenklo,n
434,zu,n
434,benutzen,n
434,.,n
374,vielleicht,n
374,werden,n
374,einige,n
374,frauen,n
374,jetzt,n
374,denken,n
374,",",n
374,ich,n
374,sei,n
374,ein,n
374,weichei,B-B
374,.,n
315,er,n
315,hat,n
315,einen,n
315,neuen,n
315,job,n
315,",",n
315,und,n
315,die,n
315,kollegen,n
315,munkeln,n
315,bereits,n
315,",",n
315,er,n
315,sei,n
315,eine,n
315,schwuchtel,B-B
315,.,n
152,ich,n
152,vermisse,n
152,es,n
152,so,n
152,sehr,n
152,ihn,n
152,zu,n
152,ficken,B-B
152,.,n
474,minderheiten,n
474,und,n
474,einkommensschwache,n
474,gemeinschaften,n
474,werden,n
474,für,n
474,gefährliche,n
474,abfallentsorgungsstandorte,n
474,gezielt,n
474,ins,n
474,visier,n
474,genommen,n
474,.,n
234,nix,n
234,zu,n
234,fressen,n
234,aber,n
234,gemachte,n
234,möpse,B-B
234,",",n
234,aber,n
234,gut,n
234,",",n
234,zähne,n
234,hat,n
234,sie,n
234,ja,n
234,auch,n
234,keine,n
234,.,n
307,schau,n
307,mich,n
307,nicht,n
307,so,n
307,geil,B-B
307,an,n
307,",",n
307,du,n
307,schwanzlutscher,B-B
307,.,n
412,er,n
412,vertritt,n
412,schließlich,n
412,den,n
412,rechtstaat,n
412,.,n
165,dumme,B-B
165,fotze,B
165,",",n
165,die,n
165,es,n
165,nicht,n
165,aushält,n
165,",",n
165,wenn,n
165,ich,n
165,die,n
165,fotze,B-B
165,einer,n
165,anderen,n
165,fick,B-B
165,.,n
318,aktuell,n
318,ergießt,n
318,sich,n
318,über,n
318,die,n
318,airline,n
318,ein,n
318,wahrer,n
318,shitstorm,B-B
318,.,n
137,für,n
137,kein,n
137,geld,n
137,der,n
137,welt,n
137,würde,n
137,ich,n
137,mit,n
137,einem,n
137,flachwichser,B-B
137,wie,n
137,dir,n
137,schlafen,n
137,.,n
198,du,n
198,fette,B-B
198,kackwurst,B
198,",",n
198,ich,n
198,erschiesse,n
198,dich,n
198,!,n
575,ich,n
575,hätte,n
575,so,n
575,gerne,n
575,einen,n
575,kuschelbären,n
259,nigger,B-B
259,können,n
259,einfach,n
259,nicht,n
259,anders,n
259,.,n
233,hat,n
233,der,n
233,mutterficker,B-B
233,mittlerweile,n
233,eigentlich,n
233,ein,n
233,geständnis,n
233,abgelegt,n
233,?,n
116,hast,n
116,du,n
116,es,n
116,immer,n
116,noch,n
116,nicht,n
116,verstanden,n
116,",",n
116,du,n
116,dummbatz,B-B
116,?,n
116,!,n
121,ich,n
121,glaube,n
121,eher,n
121,er,n
121,war,n
121,ein,n
121,feigling,B-B
121,.,n
458,warum,n
458,bekommt,n
458,dieser,n
458,vegane,n
458,typ,n
458,",",n
458,der,n
458,nur,n
458,einmal,n
458,am,n
458,tag,n
458,isst,n
458,",",n
458,keine,n
458,magengeschwüre,n
458,oder,n
458,ähnliches,n
458,?,n
377,das,n
377,ist,n
377,doch,n
377,etwas,n
377,für,n
377,weicheier,B-B
377,",",n
377,wer,n
377,braucht,n
377,das,n
377,denn,n
377,?,n
385,gerade,n
385,den,n
385,größten,n
385,wixer,B-B
385,in,n
385,der,n
385,bahn,n
385,getroffen,n
385,",",n
385,rempelt,n
385,mich,n
385,an,n
385,und,n
385,fragt,n
385,was,n
385,mein,n
385,problem,n
385,ist,n
385,.,n
225,und,n
225,dann,n
225,ist,n
225,dieses,n
225,miststück,B-B
225,von,n
225,tochter,n
225,nicht,n
225,im,n
225,haus,n
225,!,n
554,diese,n
554,seite,n
554,enthält,n
554,wahrscheinlich,n
554,sexuell,n
554,explizite,n
554,fotos,n
554,von,n
554,jemandem,n
554,",",n
554,den,n
554,du,n
554,kennst,n
554,!,n
441,dem,n
441,muss,n
441,man,n
441,wohl,n
441,nichts,n
441,hinzufügen,n
441,!,n
348,wie,n
348,kommen,n
348,wir,n
348,aus,n
348,dieser,n
348,verdammten,B-B
348,scheiße,B
348,wieder,n
348,raus,n
348,?,n
128,der,n
128,fick,B-B
128,gestern,n
128,hat,n
128,mir,n
128,spaß,n
128,gemacht,n
128,",",n
128,vielleicht,n
128,bleibt,n
128,es,n
128,kein,n
128,ons,n
128,.,n
576,freiheit,n
576,ist,n
576,das,n
576,was,n
576,man,n
576,draus,n
576,macht,n
576,.,n
286,lass,n
286,mich,n
286,mit,n
286,deinem,n
286,scheissdreck,B-B
286,in,n
286,ruhe,n
286,!,n
541,die,n
541,temperatur,n
541,am,n
541,arbeitsplatz,n
541,kann,n
541,die,n
541,produktivität,n
541,beeinflussen,n
541,",",n
541,so,n
541,eine,n
541,studie,n
541,.,n
44,ich,n
44,realisiere,n
44,gerade,n
44,",",n
44,dass,n
44,er,n
44,mich,n
44,beschissen,B-B
44,hat,n
44,.,n
108,es,n
108,war,n
108,nur,n
108,eine,n
108,frage,n
108,der,n
108,zeit,n
108,",",n
108,bis,n
108,irgendein,n
108,dödel,n
108,auf,n
108,die,n
108,idee,n
108,kommt,n
108,",",n
108,dass,n
108,flüchtlinge,n
108,an,n
108,der,n
108,parkraummisere,n
108,in,n
108,düsseldorf,n
108,schuld,n
108,sind,n
108,.,n
487,nun,n
487,",",n
487,ich,n
487,habe,n
487,das,n
487,feld,n
487,verpasst,n
487,",",n
487,aber,n
487,zumindest,n
487,war,n
487,es,n
487,kein,n
487,großer,n
487,rabatt,n
487,.,n
429,wenn,n
429,ich,n
429,fertig,n
429,studiert,n
429,habe,n
429,",",n
429,möchte,n
429,ich,n
429,ein,n
429,neues,n
429,studium,n
429,beginnen,n
429,.,n
134,meine,n
134,kleine,n
134,schwester,n
134,war,n
134,nur,n
134,ein,n
134,fickfehler,B-B
134,.,n
478,wenn,n
478,meine,n
478,oma,n
478,mir,n
478,wieder,n
478,gulasch,n
478,kocht,n
478,",",n
478,dann,n
478,komme,n
478,ich,n
478,gleich,n
478,und,n
478,gerne,n
478,wieder,n
478,.,n
45,ich,n
45,werde,n
45,sie,n
45,abschlachten,n
45,",",n
45,diese,n
45,blutige,n
45,sau,B-B
45,!,n
170,jemanden,n
170,mit,n
170,so,n
170,einer,n
170,hackfresse,B-B
170,kann,n
170,nur,n
170,eine,n
170,mutter,n
170,lieben,n
170,.,n
66,die,n
66,bonzen,B-B
66,haben,n
66,luxusgüter,n
66,",",n
66,und,n
66,den,n
66,einfachen,n
66,leuten,n
66,fehlt,n
66,es,n
66,am,n
66,nötigsten,n
66,.,n
284,das,n
284,war,n
284,absoluter,n
284,scheissdreck,B-B
284,.,n
86,wasch,n
86,dich,n
86,ordentlich,n
86,und,n
86,zieh,n
86,dir,n
86,saubere,n
86,sachen,n
86,an,n
86,",",n
86,du,n
86,siehst,n
86,ja,n
86,aus,n
86,wie,n
86,ne,n
86,drecksau,B-B
86,!,n
243,werd,n
243,endlich,n
243,erwachsen,n
243,",",n
243,du,n
243,muschilecker,B-B
243,.,n
187,es,n
187,ist,n
187,wirklich,n
187,nicht,n
187,in,n
187,ordnung,n
187,",",n
187,leute,n
187,judensau,B-B
187,zu,n
187,nennen,n
187,.,n
506,was,n
506,machst,n
506,du,n
506,",",n
506,um,n
506,zu,n
506,vermeiden,n
506,",",n
506,wieder,n
506,in,n
506,der,n
506,gleichen,n
506,position,n
506,zu,n
506,sein,n
506,?,n
160,ihre,n
160,freundin,n
160,hat,n
160,ihr,n
160,gesagt,n
160,sie,n
160,soll,n
160,sich,n
160,mal,n
160,ins,B-B
160,knie,B
160,ficken,B
160,.,n
13,wir,n
13,sind,n
13,so,n
13,im,B-B
13,arsch,B
13,",",n
13,leute,n
13,hahaha,n
13,.,n
36,so,n
36,geil,B-B
36,",",n
36,meine,n
36,freundin,n
36,hat,n
36,mir,n
36,gestern,n
36,den,n
36,besten,n
36,blowjob,B-B
36,meines,n
36,lebens,n
36,gegeben,n
36,.,n
29,hey,n
29,",",n
29,arschgesicht,B-B
29,!,n
171,langsam,n
171,kann,n
171,ich,n
171,seine,n
171,hackfresse,B-B
171,nicht,n
171,mehr,n
171,sehen,n
171,.,n
143,dem,n
143,fotzenlecker,B-B
143,glaub,n
143,ich,n
143,kein,n
143,wort,n
143,",",n
143,der,n
143,ist,n
143,doch,n
143,nur,n
143,notgeil,n
143,.,n
237,hat,n
237,sie,n
237,dir,n
237,ihre,n
237,möse,B-B
237,gezeigt,n
237,?,n
448,du,n
448,bist,n
448,so,n
448,lustig,n
448,!,n
479,angesichts,n
479,des,n
479,starkregens,n
479,ist,n
479,es,n
479,besser,n
479,noch,n
479,etwas,n
479,länger,n
479,zu,n
479,warten,n
479,.,n
222,als,n
222,echter,n
222,biker,n
222,achte,n
222,ich,n
222,natürlich,n
222,darauf,n
222,so,n
222,einen,n
222,mistkerl,B-B
222,eben,n
222,nicht,n
222,vor,n
222,ein,n
222,bike,n
222,zu,n
222,schmeißen,n
222,!,n
532,erster,n
532,beweis,n
532,gerettet,n
532,aus,n
532,der,n
532,wildnis,n
532,.,n
96,die,n
96,beleidigungen,n
96,dumme,B-B
96,kuh,B
96,",",n
96,du,n
96,blödes,B-B
96,schwein,B-B
96,",",n
96,du,n
96,wichser,B-B
96,",",n
96,du,n
96,schlampe,B-B
96,und,n
96,fieses,B-B
96,miststück,B
96,führen,n
96,alle,n
96,zu,n
96,bußgeldern,n
96,.,n
52,ich,n
52,kann,n
52,nicht,n
52,glauben,n
52,",",n
52,was,n
52,diese,n
52,blöde,B-B
52,fotze,B-B
52,gemacht,n
52,hat,n
52,.,n
241,ich,n
241,hasse,n
241,diese,n
241,tägliche,n
241,morgenlatte,B-B
241,",",n
241,wenn,n
241,ich,n
241,single,n
241,bin,n
241,.,n
489,und,n
489,heute,n
489,habe,n
489,ich,n
489,endlich,n
489,eins,n
489,bekommen,n
489,.,n
352,verpiss,B-B
352,dich,B
352,endlich,n
352,!,n
499,nicht,n
499,sicher,n
499,",",n
499,wie,n
499,lange,n
499,das,n
499,dauern,n
499,wird,n
499,",",n
499,aber,n
499,es,n
499,ist,n
499,passiert,n
499,!,n
179,die,n
179,sind,n
179,auch,n
179,nur,n
179,ein,n
179,haufen,n
179,huren,B-B
179,.,n
514,der,n
514,großvater,n
514,",",n
514,der,n
514,einen,n
514,schlaganfall,n
514,erlitten,n
514,hat,n
514,",",n
514,probiert,n
514,das,n
514,iphone,n
514,aus,n
514,.,n
42,der,n
42,name,n
42,klingt,n
42,für,n
42,amis,n
42,und,n
42,englischsprachige,n
42,einfach,n
42,beschissen,B-B
42,!,n
542,was,n
542,wir,n
542,an,n
542,neandertaler,n
542,haben,n
542,.,n
510,warum,n
510,ist,n
510,das,n
510,passiert,n
510,?,n
207,wer,n
207,alles,n
207,besser,n
207,zu,n
207,wissen,n
207,glaubt,n
207,",",n
207,wird,n
207,gerne,n
207,als,n
207,klugscheisser,B-B
207,tituliert,n
207,.,n
393,allerdings,n
393,sei,n
393,jedem,n
393,witzbold,B-B
393,das,n
393,comeback,n
393,von,n
393,1968,n
393,ans,n
393,verkühlte,n
393,herz,n
393,gelegt,n
393,.,n
283,dieser,n
283,scheiss,B-B
283,mit,n
283,ständigen,n
283,verweisen,n
283,auf,n
283,mediatheken,n
283,",",n
283,aktuelle,n
283,nachrichten,n
283,auf,n
283,internet,n
283,usw.,n
359,dann,n
359,ist,n
359,man,n
359,auch,n
359,kein,n
359,vollidiot,B-B
359,.,n
398,grund,n
398,ist,n
398,der,n
398,halloween,n
398,spaß,n
398,",",n
398,eier,n
398,auf,n
398,die,n
398,fahrzeuge,n
398,zu,n
398,werfen,n
398,.,n
255,ich,n
255,hasse,n
255,diese,n
255,ganze,n
255,gesellschaft,n
255,",",n
255,diese,n
255,neger,B-B
255,und,n
255,yugos,B-B
255,",",n
255,werden,n
255,sesshaft,n
255,",",n
255,doch,n
255,den,n
255,größten,n
255,teil,n
255,der,n
255,schuld,n
255,tragt,n
255,numal,n
255,ihr,n
255,.,n
218,kommt,n
218,mal,n
218,her,n
218,ihr,n
218,luschen,B-B
218,!,n
5,er,n
5,hat,n
5,bei,n
5,der,n
5,prüfung,n
5,geschummelt,n
5,und,n
5,dafür,n
5,dann,n
5,mächtigen,n
5,anschiss,B-B
5,bekommen,n
5,.,n
257,das,n
257,passt,n
257,zu,n
257,einem,n
257,nigger,B-B
257,wie,n
257,dir,n
257,.,n
551,welche,n
551,straße,n
551,hat,n
551,am,n
551,häufigsten,n
551,ihren,n
551,namen,n
551,geändert,n
551,?,n
521,ein,n
521,huhn,n
521,erzählt,n
521,einen,n
521,witz,n
521,.,n
431,da,n
431,ist,n
431,sicher,n
431,noch,n
431,luft,n
431,nach,n
431,oben,n
431,.,n
101,wer,n
101,diesen,n
101,sachunterschied,n
101,nicht,n
101,erkennt,n
101,",",n
101,ist,n
101,schon,n
101,ein,n
101,echter,n
101,dummkopf,B-B
101,!,n
227,ich,n
227,habe,n
227,damals,n
227,die,n
227,gelegenheit,n
227,verpasst,n
227,",",n
227,dem,n
227,sadistischen,n
227,miststück,B-B
227,die,n
227,meinung,n
227,zu,n
227,geigen,n
227,.,n
449,gestern,n
449,habe,n
449,ich,n
449,so,n
449,viel,n
449,gelacht,n
449,",",n
449,es,n
449,war,n
449,ein,n
449,schöner,n
449,tag,n
449,.,n
535,ich,n
535,brauche,n
535,ein,n
535,paar,n
535,gute,n
535,sachbücher,n
535,zum,n
535,lesen,n
535,.,n
214,die,n
214,lusche,B-B
214,hat,n
214,wohl,n
214,angst,n
214,bekommen,n
214,.,n
360,entschuldigung,n
360,",",n
360,dass,n
360,ich,n
360,manchmal,n
360,so,n
360,ein,n
360,vollidiot,B-B
360,bin,n
360,.,n
172,und,n
172,die,n
172,umwelt,n
172,so,n
172,„,n
172,fuck,B-B
172,yeah,n
172,!,n
172,“,n
172,einfach,n
172,mal,n
172,die,n
172,fresse,n
172,halten,n
172,.,n
99,es,n
99,müsste,n
99,doch,n
99,jedem,n
99,dummkopf,B-B
99,klar,n
99,sein,n
99,",",n
99,was,n
99,ansonsten,n
99,dabei,n
99,herauskommt,n
99,.,n
293,und,n
293,für,n
293,so,n
293,eine,n
293,scheiße,B-B
293,müssen,n
293,wir,n
293,gebühren,n
293,zahlen,n
293,!,n
293,!,n
293,!,n
216,wie,n
216,oft,n
216,hört,n
216,man,n
216,beim,n
216,skatspiel,n
216,ich,n
216,hab,n
216,nur,n
216,luschen,B-B
216,auf,n
216,der,n
216,hand,n
216,",",n
216,also,n
216,nur,n
216,kleinwertige,n
216,karten,n
216,",",n
216,die,n
216,nichts,n
216,zählen,n
216,.,n
62,diese,n
62,blödmänner,B-B
62,!,n
407,bahn,n
407,verspätet,n
407,sich,n
407,",",n
407,gleich,n
407,kommt,n
407,noch,n
407,jemand,n
407,und,n
407,drückt,n
407,mir,n
407,ein,n
407,riesiges,n
407,kreuz,n
407,in,n
407,die,n
407,hand,n
407,",",n
407,das,n
407,ich,n
407,rumschleppen,n
407,muss,n
407,.,n
48,sich,n
48,seine,n
48,eigene,n
48,unwissenheit,n
48,einzugestehen,n
48,erfordert,n
48,meist,n
48,mehr,n
48,größe,n
48,",",n
48,als,n
48,blöd,B-B
48,daher,n
48,zu,n
48,plappern,n
48,.,n
33,hat,n
33,der,n
33,kleine,n
33,arschlecker,B-B
33,wieder,n
33,mal,n
33,mist,n
33,gebaut,n
33,haha,n
418,nichts,n
418,wird,n
418,geschehen,n
418,.,n
268,dieser,n
268,pisser,B-B
268,hat,n
268,mir,n
268,mein,n
268,geld,n
268,geklaut,n
268,.,n
328,außer,n
328,ärschen,B-B
328,und,n
328,titten,B-B
328,wird,n
328,da,n
328,ja,n
328,nicht,n
328,viel,n
328,geboten,n
328,.,n
201,aber,n
201,die,n
201,kaffer,B-B
201,sind,n
201,einfach,n
201,anders,n
201,",",n
201,das,n
201,werden,n
201,sie,n
201,auch,n
201,noch,n
201,merken,n
201,.,n
135,die,n
135,großmutter,n
135,schimpft,n
135,sie,n
135,flachwichser,B-B
135,und,n
135,sagt,n
135,",",n
135,sie,n
135,lägen,n
135,ihr,n
135,auf,n
135,der,n
135,tasche,n
135,.,n
28,er,n
28,allerdings,n
28,bekommt,n
28,von,n
28,mir,n
28,nur,n
28,den,n
28,dunklen,n
28,waschlappen,n
28,",",n
28,für,n
28,arsch,B-B
28,und,n
28,gesicht,n
28,",",n
28,für,n
28,sein,n
28,arschgesicht,B-B
28,.,n
512,welchen,n
512,geruch,n
512,hassen,n
512,sie,n
512,und,n
512,warum,n
512,?,n
231,oder,n
231,aber,n
231,mutterficker,B-B
231,",",n
231,was,n
231,es,n
231,auch,n
231,nicht,n
231,besser,n
231,macht,n
231,!,n
490,benötigen,n
490,sie,n
490,einige,n
490,ratschläge,n
490,zu,n
490,garantien,n
490,und,n
490,was,n
490,diese,n
490,abdecken,n
490,?,n
261,die,n
261,nutte,B-B
261,hat,n
261,mir,n
261,gestern,n
261,schön,n
261,einen,n
261,geblasen,n
261,.,n
379,dabei,n
379,sind,n
379,sie,n
379,doch,n
379,alle,n
379,nur,n
379,weicheier,B-B
379,",",n
379,die,n
379,ständig,n
379,versuchen,n
379,",",n
379,sich,n
379,hart,n
379,zu,n
379,kochen,n
379,.,n
289,im,n
289,zug,n
289,erst,n
289,aufstehen,n
289,",",n
289,wenn,n
289,die,n
289,fahrgäste,n
289,schon,n
289,wieder,n
289,zusteigen,n
289,und,n
289,dann,n
289,lamentieren,n
289,",",n
289,wie,n
289,scheisse,B-B
289,die,n
289,bahn,n
289,ist,n
289,",",n
289,weil,n
289,man,n
289,nicht,n
289,mehr,n
289,rauskam,n
289,.,n
419,da,n
419,kommen,n
419,einem,n
419,die,n
419,tränen,n
419,.,n
163,das,n
163,passt,n
163,zu,n
163,einer,n
163,fotze,B-B
163,wie,n
163,dir,n
163,.,n
392,der,n
392,typ,n
392,ist,n
392,ein,n
392,witzbold,B-B
392,und,n
392,wird,n
392,als,n
392,größter,n
392,clown,n
392,in,n
392,die,n
392,geschichte,n
392,eingehen,n
392,.,n
533,dinge,n
533,",",n
533,die,n
533,sie,n
533,dir,n
533,nicht,n
533,sagen,n
533,.,n
139,er,n
139,gab,n
139,sie,n
139,der,n
139,lächerlichkeit,n
139,preis,n
139,",",n
139,indem,n
139,er,n
139,sie,n
139,betont,n
139,billig,n
139,als,n
139,flittchen,B-B
139,inszenierte,n
139,",",n
139,unter,n
139,anderem,n
139,mit,n
139,einer,n
139,absurden,n
139,",",n
139,blonden,n
139,perücke,n
139,.,n
63,na,n
63,ja,n
63,",",n
63,dann,n
63,tritt,n
63,er,n
63,halt,n
63,aus,n
63,",",n
63,so,n
63,what,n
63,",",n
63,ein,n
63,christdemokratischer,n
63,bonze,B-B
63,weniger,n
63,.,n
472,einkaufen,n
472,in,n
472,kanada,n
472,",",n
472,in,n
472,die,n
472,usa,n
472,fahren,n
472,.,n
136,der,n
136,flachwichser,B-B
136,gab,n
136,mir,n
136,ein,n
136,paar,n
136,mark,n
136,",",n
136,um,n
136,',n
136,guten,n
136,willen,n
136,',n
136,zu,n
136,bekunden,n
136,",",n
136,und,n
136,vertröstete,n
136,mich,n
136,auf,n
136,später,n
136,.,n
568,ich,n
568,habe,n
568,einen,n
568,gasherd,n
568,für,n
568,die,n
568,gasleitung,n
568,",",n
568,aber,n
568,ich,n
568,benutze,n
568,eine,n
568,gasflasche,n
568,.,n
129,er,n
129,hält,n
129,sich,n
129,wirklich,n
129,für,n
129,den,n
129,besten,n
129,ficker,B-B
129,im,n
129,land,n
129,.,n
569,was,n
569,kann,n
569,ich,n
569,tun,n
569,?,n
9,dank,n
9,der,n
9,überbevölkerung,n
9,wird,n
9,es,n
9,selbst,n
9,am,n
9,arsch,B-B
9,der,n
9,welt,n
9,eng,n
9,.,n
327,der,n
327,ständer,B-B
327,war,n
327,ihm,n
327,sichtlich,n
327,peinlich,n
327,",",n
327,aber,n
327,er,n
327,hat,n
327,sich,n
327,dennoch,n
327,einach,n
327,einen,n
327,runtergeholt,n
327,.,n
345,verdammt,B-B
345,noch,n
345,mal,n
345,.,n
65,ein,n
65,bonze,B-B
65,ist,n
65,auf,n
65,eigene,n
65,vorteile,n
65,bedachter,n
65,",",n
65,bourgeoisem,n
65,lebenswandel,n
65,folgender,n
65,funktionär,n
65,von,n
65,parteien,n
65,oder,n
65,gewerkschaften,n
65,.,n
301,wieso,n
301,macht,n
301,es,n
301,einen,n
301,unterschied,n
301,",",n
301,ob,n
301,ich,n
301,eine,n
301,richterin,n
301,oder,n
301,eine,n
301,zeugin,n
301,als,n
301,schlampe,B-B
301,bezeichne,n
301,?,n
301,!,n
15,und,n
15,als,n
15,nächstes,n
15,demonstrieren,n
15,die,n
15,inder,n
15,hier,n
15,",",n
15,deutschland,n
15,ist,n
15,echt,n
15,im,B-B
15,arsch,B
15,.,n
157,und,n
157,ich,n
157,fühle,n
157,mich,n
157,noch,n
157,immer,n
157,wie,n
157,ein,n
157,kleiner,n
157,hosenscheißer,B-B
157,.,n
41,wenn,n
41,ich,n
41,dich,n
41,erwische,n
41,",",n
41,du,n
41,bastard,B-B
41,!,n
493,sieht,n
493,verdächtig,n
493,aus,n
493,?,n
493,!,n
493,?,n
380,ich,n
380,weiß,n
380,",",n
380,ich,n
380,bin,n
380,ein,n
380,wichser,B-B
380,",",n
380,weil,n
380,ich,n
380,das,n
380,so,n
380,sage,n
380,.,n
188,er,n
188,sagte,n
188,",",n
188,das,n
188,sei,n
188,"""",n
188,typisch,n
188,judensau,B-B
188,"""",n
188,",",n
188,was,n
188,zeigt,n
188,",",n
188,was,n
188,für,n
188,ein,n
188,arsch,B-B
188,er,n
188,ist,n
188,.,n
217,ich,n
217,glaube,n
217,die,n
217,luschen,B-B
217,haben,n
217,gar,n
217,nicht,n
217,gecheckt,n
217,",",n
217,wie,n
217,dumm,B-B
217,die,n
217,idee,n
217,war,n
217,.,n
53,ich,n
53,dreh,n
53,durch,n
53,",",n
53,wenn,n
53,ich,n
53,noch,n
53,ein,n
53,einziges,n
53,mal,n
53,an,n
53,diese,n
53,blöde,B-B
53,fotze,B-B
53,denken,n
53,muss,n
53,.,n
338,die,n
338,ganze,n
338,nummer,n
338,wurde,n
338,nach,n
338,blaupausen,n
338,von,n
338,stasi-aktionen,n
338,durchgeführt,n
338,und,n
338,ist,n
338,mindestens,n
338,so,n
338,illegal,n
338,wie,n
338,das,n
338,",",n
338,was,n
338,dieser,n
338,trottel,B-B
338,von,n
338,strache,n
338,da,n
338,von,n
338,sich,n
338,gibt,n
338,.,n
296,während,n
296,an,n
296,dieser,n
296,stelle,n
296,offenbar,n
296,alles,n
296,scheißegal,B-B
296,zu,n
296,sein,n
296,scheint,n
296,und,n
296,so,n
296,läppische,n
296,"""",n
296,massnahmen,n
296,"""",n
296,wie,n
296,die,n
296,vergabe,n
296,von,n
296,jodtabletten,n
296,"""",n
296,geübt,n
296,"""",n
296,werden,n
296,soll,n
296,",",n
296,werden,n
296,cannabiskonsumenten,n
296,zu,n
296,ihrem,n
296,eigenen,n
296,schutz,n
296,und,n
296,zur,n
296,sicherheit,n
296,für,n
296,die,n
296,bevölkerung,n
296,verfolgt,n
296,und,n
296,bestraft,n
296,.,n
252,wer,n
252,nicht,n
252,die,n
252,grünen,n
252,wählt,n
252,",",n
252,ist,n
252,nazi,B-B
252,.,n
462,wichtige,n
462,biologische,n
462,entdeckungen,n
462,im,n
462,jahr,n
462,2015,n
462,?,n
456,wissenschaftler,n
456,warnen,n
456,vor,n
456,gefährlichem,n
456,klimawandel,n
456,innerhalb,n
456,von,n
456,jahrzehnten,n
456,",",n
456,nicht,n
456,jahrhunderten,n
456,.,n
583,das,n
583,fegefeuer,n
583,ist,n
583,eine,n
583,erfindung,n
583,der,n
583,katholischen,n
583,kirche,n
583,.,n
270,er,n
270,hat,n
270,den,n
270,kleinsten,n
270,pimmel,B-B
270,",",n
270,den,n
270,ich,n
270,je,n
270,gesehen,n
270,habe,n
270,.,n
202,sie,n
202,wollten,n
202,eine,n
202,demokratie,n
202,",",n
202,gewiß,n
202,",",n
202,aber,n
202,natürlich,n
202,nicht,n
202,für,n
202,die,n
202,kaffer,B-B
202,.,n
162,es,n
162,war,n
162,sein,n
162,gutes,n
162,recht,n
162,mir,n
162,zu,n
162,sagen,n
162,",",n
162,dass,n
162,ich,n
162,mich,n
162,ins,B-B
162,knie,B
162,ficken,B
162,soll,n
162,.,n
402,vieles,n
402,hätte,n
402,anders,n
402,laufen,n
402,können,n
402,",",n
402,doch,n
402,das,n
402,ist,n
402,theorie,n
402,.,n
477,können,n
477,wir,n
477,heute,n
477,einfach,n
477,zu,n
477,hause,n
477,bleiben,n
477,und,n
477,nichts,n
477,tun,n
477,?,n
106,ihren,n
106,erfolg,n
106,können,n
106,auch,n
106,ein,n
106,paar,n
106,dumpfbacken,B-B
106,in,n
106,uniform,n
106,nicht,n
106,schmälern,n
106,!,n
390,ich,n
390,habe,n
390,ihn,n
390,so,n
390,sehr,n
390,gehasst,n
390,",",n
390,ich,n
390,würde,n
390,dem,n
390,wichser,B-B
390,gerne,n
390,aufs,n
390,grab,n
390,wixen,B-B
390,.,n
2,die,n
2,menschen,n
2,sind,n
2,nur,n
2,noch,n
2,verkommener,n
2,abschaum,B-B
2,!,n
546,kann,n
546,ich,n
546,die,n
546,post,n
546,verklagen,n
546,und,n
546,gewinnen,n
546,?,n
81,wie,n
81,passend,n
81,",",n
81,dass,n
81,der,n
81,drecksack,B-B
81,eine,n
81,drecksfotze,B-B
81,geheiratet,n
81,hat,n
81,.,n
206,das,n
206,wort,n
206,kanake,B-B
206,rutscht,n
206,ihm,n
206,heraus,n
206,",",n
206,als,n
206,er,n
206,von,n
206,den,n
206,schmuddeligen,n
206,langhaarigen,n
206,erzählt,n
206,",",n
206,die,n
206,sich,n
206,erstaunlich,n
206,gewählt,n
206,ausdrücken,n
206,konnten,n
206,.,n
35,wenn,n
35,ich,n
35,den,n
35,arschlecker,B-B
35,in,n
35,die,n
35,finger,n
35,kriege,n
35,!,n
509,welche,n
509,sind,n
509,einige,n
509,tolle,n
509,handyspiele,n
509,",",n
509,an,n
509,denen,n
509,die,n
509,meisten,n
509,leute,n
509,vorbeigehen,n
509,?,n
428,das,n
428,ist,n
428,ja,n
428,merkwürdig,n
428,!,n
455,zentralbanken,n
455,sind,n
455,am,n
455,ende,n
455,ihrer,n
455,möglichkeiten,n
455,.,n
367,diese,n
367,vollpfosten,B-B
367,sollten,n
367,nicht,n
367,zum,n
367,fußball,n
367,gehören,n
367,.,n
92,wie,n
92,dumm,B-B
92,von,n
92,mir,n
92,.,n
340,bei,n
340,allem,n
340,respekt,n
340,davor,n
340,",",n
340,dass,n
340,tunten,B-B
340,mehr,n
340,zivilcourage,n
340,zeigen,n
340,als,n
340,andere,n
340,schwule,n
340,–,n
340,eine,n
340,provokation,n
340,sind,n
340,sie,n
340,nicht,n
340,mehr,n
340,.,n
346,verdammte,B-B
346,scheiße,B
346,!,n
242,deine,n
242,freundin,n
242,hat,n
242,sich,n
242,um,n
242,meine,n
242,morgenlatte,B-B
242,gekümmert,n
242,und,n
242,es,n
242,war,n
242,einfach,n
242,geil,B-B
242,.,n
14,nur,n
14,wenn,n
14,du,n
14,nach,n
14,11,n
14,stunden,n
14,arbeit,n
14,umzingelt,n
14,von,n
14,fremden,n
14,menschen,n
14,in,n
14,der,n
14,bahn,n
14,sitzt,n
14,wo,n
14,ein,n
14,paar,n
14,in,n
14,ihr,n
14,handy,n
14,(,n
14,egal,n
14,ob,n
14,alt,n
14,oder,n
14,neu,n
14,),n
14,brüllen,n
14,ist,n
14,deine,n
14,laune,n
14,leicht,n
14,im,B-B
14,arsch,B
14,und,n
14,da,n
14,bin,n
14,ich,n
14,nicht,n
14,die,n
14,einzige,n
14,.,n
316,keine,n
316,angst,n
316,vor,n
316,einem,n
316,shitstorm,B-B
316,?,n
388,wichsen,B-B
388,soll,n
388,ungesund,n
388,sein,n
388,",",n
388,stand,n
388,zumindest,n
388,gestern,n
388,in,n
388,der,n
388,zeitung,n
388,.,n
274,die,n
274,nächste,n
274,staffel,n
274,wird,n
274,rattenscharf,B-B
274,und,n
274,unerträglich,n
274,.,n
167,großmaul,B-B
167,passt,n
167,eigentlich,n
167,eher,n
167,zu,n
167,ihm,n
167,als,n
167,ein,n
167,christliches,n
167,symbol,n
167,im,n
167,namen,n
167,zu,n
167,tragen,n
167,.,n
580,in,n
580,einem,n
580,jahr,n
580,kann,n
580,vieles,n
580,passieren,n
580,.,n
485,ich,n
485,bin,n
485,endlich,n
485,ein,n
485,teil,n
485,der,n
485,familie,n
485,!,n
571,gegen,n
571,ihn,n
571,läuft,n
571,ein,n
571,ermittlungsverfahren,n
571,wegen,n
571,drogenbesitzes,n
571,.,n
505,wie,n
505,würdest,n
505,du,n
505,deinen,n
505,stil,n
505,beschreiben,n
505,?,n
244,der,n
244,muschilecker,B-B
244,hat,n
244,offenbar,n
244,überhaupt,n
244,keine,n
244,würde,n
244,mehr,n
244,.,n
190,dann,n
190,wäre,n
190,im,n
190,netz,n
190,die,n
190,kacke,B-B
190,aber,n
190,so,n
190,was,n
190,von,n
190,am,n
190,dampfen,n
190,gewesen,n
190,.,n
476,zeit,n
476,wäre,n
476,es,n
476,langsam,n
476,mal,n
476,wieder,n
476,ins,n
476,fitnesstudio,n
476,zu,n
476,gehen,n
476,.,n
511,wie,n
511,oft,n
511,hattest,n
511,du,n
511,dieses,n
511,jahr,n
511,sex,n
511,?,n
59,wir,n
59,haben,n
59,einen,n
59,männlichen,n
59,helden,n
59,",",n
59,der,n
59,sich,n
59,nicht,n
59,damit,n
59,abfindet,n
59,",",n
59,der,n
59,blödmann,B-B
59,zu,n
59,sein,n
59,.,n
475,ich,n
475,überlege,n
475,noch,n
475,",",n
475,was,n
475,ich,n
475,heute,n
475,essen,n
475,will,n
475,.,n
253,eine,n
253,öffentliche,n
253,trauerfeier,n
253,für,n
253,einen,n
253,nazi,B-B
253,in,n
253,einem,n
253,fußballstadion,n
253,ist,n
253,ein,n
253,skandal,n
253,.,n
22,liebe,n
22,es,n
22,",",n
22,wenn,n
22,mich,n
22,meine,n
22,freundin,n
22,in,n
22,meine,n
22,arschfotze,B-B
22,fickt,B-B
22,.,n
314,er,n
314,ist,n
314,dann,n
314,die,n
314,schwuchtel,B-B
314,",",n
314,die,n
314,es,n
314,nicht,n
314,geschafft,n
314,hat,n
314,.,n
460,gibt,n
460,es,n
460,einen,n
460,evolutionären,n
460,zweck,n
460,für,n
460,gähnen,n
460,?,n
161,ich,n
161,habe,n
161,ihm,n
161,gesagt,n
161,",",n
161,dass,n
161,er,n
161,sich,n
161,ins,B-B
161,knie,B
161,ficken,B
161,kann,n
161,.,n
277,was,n
277,für,n
277,eine,n
277,schabracke,B-B
277,!,n
192,hausaufgaben,n
192,sind,n
192,kacke,B-B
192,",",n
192,ich,n
192,habe,n
192,keine,n
192,lust,n
192,darauf,n
192,.,n
386,er,n
386,ist,n
386,single,n
386,",",n
386,daher,n
386,muss,n
386,er,n
386,selber,n
386,wichsen,B-B
386,.,n
414,die,n
414,leistung,n
414,gestern,n
414,hat,n
414,mich,n
414,indes,n
414,auch,n
414,nicht,n
414,überzeugt,n
414,.,n
492,ich,n
492,fange,n
492,an,n
492,zu,n
492,denken,n
492,",",n
492,dass,n
492,ich,n
492,etwas,n
492,für,n
492,kurze,n
492,arbeit,n
492,bekommen,n
492,sollte,n
492,.,n
344,verdammt,B-B
344,noch,n
344,mal,n
344,",",n
344,gibt,n
344,es,n
344,denn,n
344,in,n
344,diesen,n
344,parteien,n
344,keine,n
344,menschen,n
344,",",n
344,die,n
344,für,n
344,den,n
344,schutz,n
344,des,n
344,ungeborenen,n
344,lebens,n
344,eintreten,n
344,?,n
309,wenn,n
309,der,n
309,schwanzlutscher,B-B
309,mich,n
309,nochmal,n
309,angreift,n
309,",",n
309,dann,n
309,zeige,n
309,ich,n
309,ihn,n
309,an,n
309,.,n
131,der,n
131,ficker,B-B
131,hat,n
131,einen,n
131,riesigen,n
131,schwanz,B-B
131,und,n
131,sollte,n
131,in,n
131,pornos,n
131,mitmachen,n
131,.,n
100,dieser,n
100,dummkopf,B-B
100,kann,n
100,nur,n
100,gut,n
100,über,n
100,andere,n
100,herziehen,n
100,",",n
100,da,n
100,hat,n
100,er,n
100,einiges,n
100,mit,n
100,diesem,n
100,arschloch,B-B
100,gemeinsam,n
100,.,n
373,er,n
373,sagte,n
373,",",n
373,dass,n
373,kollegen,n
373,als,n
373,warmduscher,B-B
373,oder,n
373,softie,B-B
373,beschimpft,n
373,werden,n
373,.,n
88,ich,n
88,kann,n
88,nicht,n
88,glauben,n
88,",",n
88,was,n
88,diese,n
88,drecksfotze,B-B
88,hier,n
88,abzieht,n
88,.,n
459,gibt,n
459,es,n
459,einen,n
459,zusammenhang,n
459,",",n
459,wenn,n
459,mein,n
459,linkes,n
459,auge,n
459,bessere,n
459,sicht,n
459,hat,n
459,",",n
459,ich,n
459,linkshänder,n
459,bin,n
459,und,n
459,mein,n
459,penis,n
459,nach,n
459,links,n
459,zeigt,n
459,?,n
331,ich,n
331,glaube,n
331,meine,n
331,rechte,n
331,titte,B-B
331,ist,n
331,größer,n
331,als,n
331,die,n
331,linke,n
331,.,n
215,schaut,n
215,euch,n
215,mal,n
215,die,n
215,lusche,B-B
215,da,n
215,drüben,n
215,an,n
215,",",n
215,wie,n
215,peinlich,n
215,!,n
467,sammlung,n
467,von,n
467,tollen,n
467,videos,n
467,.,n
122,schäm,n
122,dich,n
122,",",n
122,du,n
122,feigling,B-B
122,!,n
21,wenn,n
21,man,n
21,dem,n
21,arschficker,B-B
21,eine,n
21,reinhaut,n
21,",",n
21,dann,n
21,fängt,n
21,er,n
21,sicher,n
21,zum,n
21,heulen,n
21,an,n
21,",",n
21,die,n
21,kleine,n
21,memme,B-B
21,.,n
72,jeder,n
72,der,n
72,also,n
72,auf,n
72,ein,n
72,landstraße,n
72,nicht,n
72,120,n
72,fährt,n
72,ist,n
72,also,n
72,ein,n
72,depp,B-B
72,.,n
107,sie,n
107,selbst,n
107,halten,n
107,sich,n
107,für,n
107,große,n
107,kämpfer,n
107,",",n
107,alle,n
107,anderen,n
107,für,n
107,dumpfbacken,B-B
107,mit,n
107,überdimensionierten,n
107,automatenwaffen,n
107,.,n
271,du,n
271,glaubst,n
271,nicht,n
271,",",n
271,dass,n
271,ich,n
271,dich,n
271,töten,n
271,könnte,n
271,",",n
271,du,n
271,pimmel,B-B
271,?,n
436,in,n
436,den,n
436,usa,n
436,ist,n
436,diese,n
436,aussage,n
436,völlig,n
436,normal,n
436,.,n
103,ich,n
103,kann,n
103,nicht,n
103,glauben,n
103,",",n
103,dass,n
103,diese,n
103,dumpfbacke,B-B
103,tatsächlich,n
103,ihr,n
103,studium,n
103,abgeschlossen,n
103,hat,n
103,.,n
